<?xml version="1.0" encoding="utf-8"?>
<eml:eml xmlns:eml="https://eml.ecoinformatics.org/eml-2.2.0" xmlns:xsi="http://www.w3.org/2001/XMLSchema-instance"
         xsi:schemaLocation="https://eml.ecoinformatics.org/eml-2.2.0 https://rs.gbif.org/schema/eml-gbif-profile/1.3/eml.xsd"
packageId="2f25e7ac-ace5-44b5-885c-b01dadaa3489"  system="http://gbif.org" scope="system"
xml:lang="en">
    <dataset>
        <title>GBIF Occurrence Download 0048816-251009101135966</title>
        <creator>
            <individualName>
                <surName>GBIF Download Service</surName>
            </individualName>
            <electronicMailAddress>support@gbif.org</electronicMailAddress>
        </creator>
        <metadataProvider>
            <individualName>
                <surName>GBIF Download Service</surName>
            </individualName>
            <electronicMailAddress>support@gbif.org</electronicMailAddress>
        </metadataProvider>
        <pubDate>
                2025-10-22
        </pubDate>
        <language>ENGLISH</language>
        <abstract>
            A dataset containing all occurrences available in GBIF matching the query:
{
  "and" : [
    "TaxonKey is Icterus auratus",
    "HasCoordinate is true",
    "HasGeospatialIssue is false",
    "OccurrenceStatus is Present"
  ]
}
The dataset includes records from the following constituent datasets. The full metadata for each constituent is also included in this archive:
2 records from Inventario avifaunístico de las áreas focales Zoh-Laguna y La Montaña en el corredor biológico mesoamericano Sian Ka'an-Calakmul, México
3 records from Digitalización y Sistematización de las Colecciones Biológicas Nacionales del Instituto de Biología, UNAM (vertebrados)
1 records from Actualización y enriquecimiento de las bases de datos del proyecto de evaluación y análisis geográfico de la diversidad faunística de Chiapas
21 records from Natural History Museum (London) Collection Specimens
6 records from NABU|naturgucker
14 records from Apoyo a las colecciones biológicas de la Facultad de Ciencias de la UNAM: Fase 1 (Aves)
8 records from Vertebrate Zoology Division - Ornithology, Yale Peabody Museum
21 records from Base de datos de aves mexicanas del Natural History Museum, Tring, Inglaterra
2 records from CNAV/Coleccion Nacional de Aves
5 records from Delaware Museum of Nature &amp; Science — Birds
10 records from Inventario de aves y mamíferos en humedales de Laguna de Términos y Pantanos de Centla en Tabasco y Campeche
1 records from Macaulay Library Audio and Video Collection
11 records from University of Michigan Museum of Zoology, Division of Birds
2 records from Composición y estructura de la ornitofauna de la reserva de la biósfera Pantanos de Centla
1 records from MLZ Bird Collection (Arctos)
1 records from UAM Bird Collection (Arctos)
2 records from MZFC/Coleccion de Aves
7 records from Museum of Comparative Zoology, Harvard University
22286 records from EOD – eBird Observation Dataset
4 records from Xeno-canto - Bird sounds from around the world
29 records from Atlas de las Aves de México: Fase II
2 records from UWBM Ornithology Collection
30 records from Observation.org, Nature data from around the World
5 records from Academy of Natural Sciences of Philadelphia Ornithology Collection
5 records from Birda - Global Observation Dataset
1 records from WFVZ Bird Collections
798 records from iNaturalist Research-grade Observations
4 records from Computarización de las colecciones de vertebrados terrestres de la Escuela Nacional de Ciencias Biológicas, IPN Fase 4 (Aves)
1 records from Respaldo de las colecciones de tejidos del Museo de Zoología, Departamento de Biología Evolutiva, Facultad de Ciencias, UNAM (Aves)

        </abstract>
        <contact>
            <individualName>
                <surName>GBIF Download Service</surName>
            </individualName>
            <electronicMailAddress>support@gbif.org</electronicMailAddress>
        </contact>

    </dataset>

    <additionalMetadata>
        <metadata>
            <gbif>
                <dateStamp>2025-10-22T04:19:05Z</dateStamp>
                <citation identifier="0048816-251009101135966">GBIF Occurrence Download 0048816-251009101135966</citation>
                <physical>
                    <objectName>Darwin Core Archive</objectName>
                    <characterEncoding>UTF-8</characterEncoding>
                    <dataFormat>
                        <externallyDefinedFormat>
                            <formatName>Darwin Core Archive</formatName>
                        </externallyDefinedFormat>
                    </dataFormat>
                    <distribution>
                        <online>
                            <url function="download">https://api.gbif.org/v1/occurrence/download/request/0048816-251009101135966.zip</url>
                        </online>
                    </distribution>
                </physical>
            </gbif>
        </metadata>
    </additionalMetadata>
    </eml:eml>
