species,decimalLongitude,decimalLatitude,month,year,gbifID,geometry,elev,bio_03,bio_05,bio_08,bio_09,bio_11,bio_14,bio_16,bio_18
Icterus auratus,-88.35324,18.732037,4,2005,977111581,"c(-88.35324, 18.732037)",10,70.86247253417969,32.5,27.399999618530273,25.233333587646484,23.666667938232425,28,432,432
Icterus auratus,-86.92383,21.330315,12,2013,974703715,"c(-86.92383, 21.330315)",4,65.66455078125,33.20000076293945,27.25,24.433334350585938,23.066665649414063,38,480,401
Icterus auratus,-87.25754,21.52897,3,2010,972358419,"c(-87.25754, 21.52897)",3,68.64583587646484,33,27,24.200000762939453,22.899999618530273,31,434,385
Icterus auratus,-88.05297,20.834587,10,2013,968857228,"c(-88.05297, 20.834587)",21,71.880340576171875,35.20000076293945,27.33333396911621,23.899999618530273,23.33333396911621,39,502,409
Icterus auratus,-90.29965,20.98952,8,1994,968101028,"c(-90.29965, 20.98952)",3,69.37627410888672,34.400001525878906,27.86666679382324,25.66666603088379,23.86666679382324,9,334,243
Icterus auratus,-89.80331,18.113344,5,2006,962442091,"c(-89.80331, 18.113344)",244,68.53741455078125,35.29999923706055,26.38333320617676,25.049999237060547,22.700000762939453,29,560,389
Icterus auratus,-88.54706,19.171112,5,2006,962433467,"c(-88.54706, 19.171112)",24,73.904754638671875,34.400001525878906,26.850000381469727,25.33333396911621,23.66666603088379,30,451,353
Icterus auratus,-89.65208,20.177711,5,2007,959590341,"c(-89.65208, 20.177711)",71,66.66667175292969,36.099998474121094,26.816665649414063,23.583332061767575,22.683332443237305,22,522,283
Icterus auratus,-89.55111,20.105556,5,2013,958174169,"c(-89.55111, 20.105556)",110,66.94182586669922,36,26.649999618530273,23.450000762939453,22.566665649414063,21,516,286
Icterus auratus,-89.64908,20.307505,6,2013,956224361,"c(-89.64908, 20.307505)",62,66.51445770263672,36.400001525878906,26.733333587646484,22.5,22.5,23,521,283
Icterus auratus,-89.88989,18.476118,1,2013,936817329,"c(-89.88989, 18.476118)",163,67.88720703125,35.70000076293945,26.566667556762695,25.36666679382324,22.933332443237305,25,488,251
Icterus auratus,-87.89337,21.550047,11,2012,935983670,"c(-87.89337, 21.550047)",4,71.55350494384766,33.29999923706055,26.96666717529297,24.61666679382324,23.08333396911621,25,322,279
Icterus auratus,-87.308586,20.400505,2,2011,934090559,"c(-87.308586, 20.400505)",5,67.94444274902344,32.900001525878906,27.08333396911621,24.950000762939453,23.600000381469727,36,539,400
Icterus auratus,-88.572078,20.772518,11,1945,896276914,"c(-88.572078, 20.772518)",30,69.79167175292969,35.599998474121094,27.200000762939453,23.86666679382324,23.183334350585938,31,569,444
Icterus auratus,-89.016764,20.933922,5,1922,868467275,"c(-89.016764, 20.933922)",16,68.41666412353516,35.70000076293945,27.100000381469727,25.333332061767575,23.03333282470703,21,481,362
Icterus auratus,-88.96656,20.63856,3,1925,863440387,"c(-88.96656, 20.63856)",27,68.39080047607422,35.900001525878906,27.049999237060547,23.83333396911621,23.03333282470703,25,510,390
Icterus auratus,-89.42444,21.324236,12,2012,832695289,"c(-89.42444, 21.324236)",3,67.43827056884766,33.79999923706055,27.03333282470703,25.08333396911621,23.149999618530273,18,313,235
Icterus auratus,-87.016174,20.381155,3,2011,829704375,"c(-87.016174, 20.381155)",11,63.69948959350586,32.400001525878906,27.433334350585938,25.149999618530273,23.899999618530273,33,582,417
Icterus auratus,-89.00009,19.985207,10,2005,829381853,"c(-89.00009, 19.985207)",42,68.97081756591797,36.599998474121094,27.200000762939453,23.83333396911621,23.03333282470703,28,524,414
Icterus auratus,-87.7375,20.165545,3,2011,590095524,"c(-87.7375, 20.165545)",24,71.33534240722656,33.29999923706055,26.816665649414063,24.71666717529297,23.299999237060547,39,498,400
Icterus auratus,-89.63749,18.50008,12,2011,589954101,"c(-89.63749, 18.50008)",212,69.55958557128906,35,26.16666603088379,25.016666412353516,22.666667938232425,23,473,339
Icterus auratus,-89.49188,18.827623,2,2009,588192439,"c(-89.49188, 18.827623)",285,69.09172058105469,34.099998474121094,25.483333587646484,24.25,21.950000762939453,18,419,328
Icterus auratus,-88.38982,20.758682,12,2007,588050173,"c(-88.38982, 20.758682)",28,70.72757720947266,35.400001525878906,27.233333587646484,23.850000381469727,23.21666717529297,32,566,448
Icterus auratus,-87.98521,19.607904,11,2006,587967773,"c(-87.98521, 19.607904)",16,70.01029205322266,33.79999923706055,27.233333587646484,25.200000762939453,23.75,38,531,446
Icterus auratus,-91.91162,18.051283,11,2020,5716022486,"c(-91.91162, 18.051283)",3,63.259666442871094,36.20000076293945,27.66666603088379,26.483333587646484,23.899999618530273,41,795,349
Icterus auratus,-88.30664,21.008604,1,2024,5716003049,"c(-88.30664, 21.008604)",26,71.005157470703125,35.099998474121094,27.13333320617676,23.71666717529297,23.11666679382324,36,599,485
Icterus auratus,-89.499535,21.079304,5,2018,5715847523,"c(-89.499535, 21.079304)",11,66.27398681640625,35.400001525878906,27.16666603088379,25.433334350585938,23.100000381469727,22,406,210
Icterus auratus,-90.20475,18.158493,5,2015,5715218616,"c(-90.20475, 18.158493)",160,66.83760070800781,35.900001525878906,26.816665649414063,25.450000762939453,23.066667556762695,29,576,303
Icterus auratus,-86.88237,21.06947,6,2016,5713902109,"c(-86.88237, 21.06947)",9,64.89583587646484,33.5,27.46666717529297,24.75,23.28333282470703,41,501,394
Icterus auratus,-87.39478,20.457132,8,2024,5712837021,"c(-87.39478, 20.457132)",9,68.54166412353516,33,26.899999618530273,24.649999618530273,23.233333587646484,41,525,400
Icterus auratus,-90.37575,19.722431,6,2019,5710914126,"c(-90.37575, 19.722431)",20,64.46700286865234,36.400001525878906,27.71666717529297,26.049999237060547,23.58333396911621,19,638,274
Icterus auratus,-88.22016,20.00443,3,2017,5710761038,"c(-88.22016, 20.00443)",31,70.811279296875,34.900001525878906,26.899999618530273,23.950000762939453,23.450000762939453,36,504,383
Icterus auratus,-89.72453,20.116982,2,2019,5709242490,"c(-89.72453, 20.116982)",72,66.22807312011719,36.099998474121094,26.899999618530273,23.71666717529297,22.816665649414063,22,524,280
Icterus auratus,-89.552475,21.306982,12,2024,5708717064,"c(-89.552475, 21.306982)",2,65.75269317626953,33.599998474121094,27.08333396911621,25.16666603088379,23.299999237060547,20,302,217
Icterus auratus,-89.30374,18.610947,2,1997,5706808477,"c(-89.30374, 18.610947)",247,70.78755187988281,33.599998474121094,25.516666412353516,24.200000762939453,22.049999237060547,20,426,342
Icterus auratus,-87.81492,19.72106,6,1991,5703634650,"c(-87.81492, 19.72106)",10,70.36458587646484,33.70000076293945,27.333332061767575,25.316665649414063,23.91666603088379,37,523,425
Icterus auratus,-88.22369,20.449503,3,2019,5700226162,"c(-88.22369, 20.449503)",29,71.15384674072266,35.20000076293945,27.28333282470703,23.88333320617676,23.33333396911621,35,514,399
Icterus auratus,-89.74814,20.692623,5,2019,5699671443,"c(-89.74814, 20.692623)",11,67.56097412109375,36.29999923706055,27.200000762939453,25.683332443237305,23.266666412353516,23,535,260
Icterus auratus,-87.03606,21.009216,6,2022,5699206908,"c(-87.03606, 21.009216)",18,66.06060791015625,33.20000076293945,27.100000381469727,24.399999618530273,22.899999618530273,42,511,405
Icterus auratus,-90.05357,21.15745,11,2024,5696808053,"c(-90.05357, 21.15745)",2,67.6816177368164,33.900001525878906,27.75,25.36666679382324,23.600000381469727,11,275,206
Icterus auratus,-88.30458,19.926323,3,2017,5695730285,"c(-88.30458, 19.926323)",28,70.8987808227539,35.099998474121094,26.950000762939453,25.11666679382324,23.433334350585938,34,499,384
Icterus auratus,-88.739876,21.305706,2,2024,5692010244,"c(-88.739876, 21.305706)",6,70.50263977050781,34.900001525878906,27.049999237060547,25.200000762939453,23.149999618530273,25,464,364
Icterus auratus,-87.77248,19.921793,11,2024,5690107781,"c(-87.77248, 19.921793)",8,70.5521469116211,33.5,27.11666679382324,25.049999237060547,23.649999618530273,39,510,410
Icterus auratus,-88.33453,20.310635,10,2024,5689860221,"c(-88.33453, 20.310635)",32,70.85426330566406,35.400001525878906,27.299999237060547,23.88333320617676,23.316665649414063,34,523,400
Icterus auratus,-87.55443,20.162321,2,2016,5686916987,"c(-87.55443, 20.162321)",2,70.80644989013672,32.900001525878906,26.96666717529297,24.96666717529297,23.600000381469727,38,494,378
Icterus auratus,-88.16877,21.190416,11,2014,5685557049,"c(-88.16877, 21.190416)",20,71.091064453125,35,27.233333587646484,24.88333320617676,23.049999237060547,37,549,446
Icterus auratus,-88.03,20.418648,5,2024,5678058876,"c(-88.03, 20.418648)",23,71.18055725097656,34.79999923706055,26.75,24.88333320617676,23.233333587646484,40,496,378
Icterus auratus,-88.2292,21.410513,11,2015,5677318118,"c(-88.2292, 21.410513)",8,71.35701751708984,34.599998474121094,27.316665649414063,25.16666603088379,23.299999237060547,27,446,343
Icterus auratus,-88.35431,18.3543,3,2024,5677313428,"c(-88.35431, 18.3543)",10,67.0987777709961,32.099998474121094,27.099998474121097,25.21666717529297,23.58333396911621,23,523,515
Icterus auratus,-90.51413,19.753605,9,2021,5676819867,"c(-90.51413, 19.753605)",13,64.71353912353516,36.29999923706055,27.816665649414063,26.183334350585938,23.733333587646484,17,634,262
Icterus auratus,-88.23412,21.524178,3,2017,5676594122,"c(-88.23412, 21.524178)",6,70.8089599609375,33.900001525878906,26.91666603088379,25.100000381469727,23.316665649414063,20,363,276
Icterus auratus,-88.73353,19.793922,4,2014,5674640737,"c(-88.73353, 19.793922)",16,69.88094329833984,36.400001525878906,27.5,24.049999237060547,23.316667556762695,32,552,443
Icterus auratus,-87.63313,19.870532999999998,6,2015,5674252945,"c(-87.63313, 19.870533)",8,70.53377532958984,33.099998474121094,27.16666603088379,25.100000381469727,23.75,38,514,401
Icterus auratus,-89.53373,21.168661,12,2024,5671672984,"c(-89.53373, 21.168661)",8,65.97605895996094,34.79999923706055,27.25,25.38333320617676,23.13333320617676,22,353,270
Icterus auratus,-89.61996,20.740248,4,2022,5671422321,"c(-89.61996, 20.740248)",15,67.2330093383789,36.29999923706055,27.11666679382324,25.58333396911621,23.13333320617676,24,528,255
Icterus auratus,-87.13098,21.227861,3,2001,5662723357,"c(-87.13098, 21.227861)",9,68.07170104980469,33.20000076293945,26.88333320617676,24.11666679382324,22.61666679382324,40,495,420
Icterus auratus,-89.6995,21.169056,10,2019,5662545205,"c(-89.6995, 21.169056)",5,65.57765197753906,34.70000076293945,27.38333511352539,25.450000762939453,23.233333587646484,20,337,256
Icterus auratus,-89.49072,18.408619,3,2020,5660772599,"c(-89.49072, 18.408619)",296,70.72310638427734,34.29999923706055,25.71666717529297,24.399999618530273,22.200000762939453,25,493,358
Icterus auratus,-88.10399,20.68433,1,2023,5660532528,"c(-88.10399, 20.68433)",22,71.19288635253906,35.400001525878906,27.36666679382324,23.933334350585938,23.38333320617676,36,503,402
Icterus auratus,-89.93975,20.942171,5,2021,5660038128,"c(-89.93975, 20.942171)",7,68.09268951416016,35.5,27.5,25.83333396911621,23.600000381469727,18,435,323
Icterus auratus,-88.007256,21.432854,2,2022,5658754261,"c(-88.007256, 21.432854)",7,71.08378601074219,34.400001525878906,26.83333396911621,24.950000762939453,23.183334350585938,28,373,300
Icterus auratus,-87.12879,20.93675,12,2005,5656263015,"c(-87.12879, 20.93675)",16,66.51606750488281,33.20000076293945,27.03333282470703,24.350000381469727,22.88333320617676,43,528,416
Icterus auratus,-87.67454,21.1223,3,2020,5650629567,"c(-87.67454, 21.1223)",16,71.07329559326172,34.400001525878906,27.11666679382324,24.399999618530273,22.78333282470703,40,479,447
Icterus auratus,-89.82286,21.251038,4,2024,5649727590,"c(-89.82286, 21.251038)",2,66.39253997802734,33.5,27.183334350585938,25.233333587646484,23.41666603088379,16,293,211
Icterus auratus,-87.344795,21.418774,6,2023,5646478709,"c(-87.344795, 21.418774)",4,69.3641586303711,33.400001525878906,27.233333587646484,24.03333282470703,22.66666603088379,33,456,416
Icterus auratus,-90.22367,19.767757,2,2024,5643040817,"c(-90.22367, 19.767757)",22,64.34959411621094,36.79999923706055,27.75,26.149999618530273,23.600000381469727,20,602,274
Icterus auratus,-89.791466,20.879042,2,2024,5641126174,"c(-89.791466, 20.879042)",11,67.53022003173828,35.70000076293945,27.266666412353516,25.649999618530273,23.350000381469727,23,488,235
Icterus auratus,-89.58329,21.001123,11,2020,5638919343,"c(-89.58329, 21.001123)",10,68.185760498046875,36,27.733333587646484,25.86666679382324,23.700000762939453,23,440,342
Icterus auratus,-87.215996,20.616772,1,2005,5637882682,"c(-87.215996, 20.616772)",24,66.1324691772461,32.900001525878906,27.016666412353516,24.63333320617676,23.200000762939453,40,557,421
Icterus auratus,-88.47706,18.499718,1,2024,5636937270,"c(-88.47706, 18.499718)",15,69.60784149169922,32.79999923706055,27.36666679382324,25.21666717529297,23.450000762939453,23,477,477
Icterus auratus,-90.13568,20.86555,11,2021,5631514944,"c(-90.13568, 20.86555)",6,69.98157501220703,35.400001525878906,27.650001525878903,26.03333282470703,23.950000762939453,12,398,301
Icterus auratus,-89.48922,20.538708,3,2020,5627668944,"c(-89.48922, 20.538708)",14,66.58914947509766,36.599998474121094,27.03333282470703,23.78333282470703,22.88333320617676,25,536,276
Icterus auratus,-88.30876,18.454216,1,2024,5620559016,"c(-88.30876, 18.454216)",12,67.39659881591797,32.29999923706055,27.200000762939453,25.450000762939453,23.75,22,507,495
Icterus auratus,-88.56188,19.390064,1,2024,5620133212,"c(-88.56188, 19.390064)",26,72.05615997314453,34.79999923706055,26.86666679382324,25.21666717529297,23.41666603088379,31,492,374
Icterus auratus,-87.42722,21.351229,5,2023,5620065989,"c(-87.42722, 21.351229)",13,69.29097747802734,33.599998474121094,27,23.78333282470703,22.38333320617676,35,491,449
Icterus auratus,-87.856186,18.271029,11,2024,5613339370,"c(-87.856186, 18.271029)",4,65.24024200439453,31.899999618530273,26.78333282470703,25.850000381469727,24.483333587646484,21,624,414
Icterus auratus,-87.88501,21.402733,6,2017,5613108796,"c(-87.88501, 21.402733)",8,70.51970672607422,34.400001525878906,26.733333587646484,24.71666717529297,22.96666717529297,30,357,295
Icterus auratus,-88.63452,21.368711,1,2019,5612811198,"c(-88.63452, 21.368711)",5,70.67567443847656,34.70000076293945,27.16666603088379,25.13333320617676,23.183334350585938,25,444,350
Icterus auratus,-90.104706,20.239384,6,2020,5612214473,"c(-90.104706, 20.239384)",10,67.75544738769531,36.5,27.66666603088379,26.21666717529297,23.88333320617676,20,553,275
Icterus auratus,-86.95922,20.292591,4,2024,5611159842,"c(-86.95922, 20.292591)",5,62.9487190246582,32.5,27.566667556762695,25.36666679382324,24.049999237060547,30,584,416
Icterus auratus,-89.603874,20.62535,1,2024,5611086614,"c(-89.603874, 20.62535)",15,67.33490753173828,36.599998474121094,27.100000381469727,25.549999237060547,23.08333396911621,24,539,265
Icterus auratus,-89.31478,21.338455,12,2024,5610070564,"c(-89.31478, 21.338455)",2,67.84979248046875,33.70000076293945,27.38333320617676,25.016666412353516,23.11666679382324,16,321,247
Icterus auratus,-88.844864,20.53945,5,2024,5608489962,"c(-88.844864, 20.53945)",28,69.2152099609375,36.099998474121094,27.149999618530273,23.899999618530273,23.13333320617676,29,532,408
Icterus auratus,-88.26578,18.298748,7,2017,5606398160,"c(-88.26578, 18.298748)",19,66.47582244873047,32,27.21666717529297,25.316665649414063,23.71666717529297,26,539,506
Icterus auratus,-89.8105,19.87197,1,2024,5605213928,"c(-89.8105, 19.87197)",102,65.36585235595703,36,27.03333282470703,23.816665649414063,22.91666603088379,21,531,275
Icterus auratus,-88.65751,20.594501,12,2024,5601205835,"c(-88.65751, 20.594501)",28,70.08332824707031,35.70000076293945,27.21666717529297,23.91666603088379,23.21666717529297,30,547,421
Icterus auratus,-87.75977,21.43489,12,2021,5600979990,"c(-87.75977, 21.43489)",7,71.30149841308594,33.900001525878906,26.799999237060547,24.399999618530273,22.850000381469727,29,346,311
Icterus auratus,-88.00922,20.661266,2,2011,5597663315,"c(-88.00922, 20.661266)",23,71.5025863647461,35,27.350000381469727,23.799999237060547,23.299999237060547,37,484,385
Icterus auratus,-87.38148,20.311714,1,2009,5581824587,"c(-87.38148, 20.311714)",10,69.05554962158203,32.79999923706055,27.016666412353516,24.983333587646484,23.61666679382324,36,517,385
Icterus auratus,-87.06481,20.777596,12,2024,5578181290,"c(-87.06481, 20.777596)",8,64.86199188232422,33.20000076293945,27.233333587646484,24.71666717529297,23.25,41,543,410
Icterus auratus,-88.59362,19.497179,1,2017,5578087401,"c(-88.59362, 19.497179)",30,71.25221252441406,35.099998474121094,26.833332061767575,25.183334350585938,23.33333396911621,32,485,377
Icterus auratus,-88.50111,20.574057,11,2024,5576683253,"c(-88.50111, 20.574057)",29,70.3795394897461,35.79999923706055,27.28333282470703,23.96666717529297,23.299999237060547,31,551,426
Icterus auratus,-87.57079,21.164263,1,2024,5575725728,"c(-87.57079, 21.164263)",12,70.22570037841797,34.29999923706055,26.566665649414063,24.21666717529297,22.61666679382324,41,498,445
Icterus auratus,-89.17713,20.857388,8,2024,5574058783,"c(-89.17713, 20.857388)",17,67.61083221435547,35.900001525878906,27.11666679382324,25.299999237060547,22.983333587646484,20,471,361
Icterus auratus,-89.06989,18.11049,7,2017,5572448510,"c(-89.06989, 18.11049)",137,73.41712951660156,33.70000076293945,26.16666603088379,24.38333320617676,22.649999618530273,30,568,436
Icterus auratus,-90.454056,20.699154,12,2010,5564574772,"c(-90.454056, 20.699154)",1,71.14582824707031,34.29999923706055,27.86666679382324,25.600000381469727,24.03333282470703,8,423,311
Icterus auratus,-89.87276,21.038965,8,2024,5564558643,"c(-89.87276, 21.038965)",5,66.71220397949219,35.099998474121094,27.399999618530273,25.63333320617676,23.38333320617676,18,387,290
Icterus auratus,-87.158844,20.84523,4,2018,5554535336,"c(-87.158844, 20.84523)",19,66.51329803466797,33.099998474121094,27.016666412353516,24.399999618530273,22.950000762939453,42,541,422
Icterus auratus,-89.78773,20.410702,8,2022,5552263952,"c(-89.78773, 20.410702)",55,66.78348541259766,36.400001525878906,26.96666717529297,23.649999618530273,22.766666412353516,24,544,285
Icterus auratus,-87.133965,20.687328,11,2024,5551778466,"c(-87.133965, 20.687328)",15,65.80644989013672,33,27.149999618530273,24.683334350585938,23.25,41,559,420
Icterus auratus,-88.130875,21.47455,12,2020,5549851136,"c(-88.130875, 21.47455)",4,71.421844482421875,34.20000076293945,26.88333320617676,25.099998474121097,23.299999237060547,23,387,295
Icterus auratus,-89.89499,20.67082,9,2024,5533150624,"c(-89.89499, 20.67082)",11,68.58333587646484,36.099998474121094,27.36666679382324,25.816665649414063,23.516666412353516,22,520,264
Icterus auratus,-87.656,20.427307,12,2020,5529915843,"c(-87.656, 20.427307)",25,70.857696533203125,33.20000076293945,26.600000381469727,24.399999618530273,22.933334350585938,42,502,402
Icterus auratus,-87.8465,21.1173,1,2015,5526428046,"c(-87.8465, 21.1173)",17,71.68412780761719,34.599998474121094,27.149999618530273,23.483333587646484,22.983333587646484,38,460,380
Icterus auratus,-88.09009,20.967875,3,2024,5526064053,"c(-88.09009, 20.967875)",22,71.89118957519531,35,27.233333587646484,23.71666717529297,23.16666603088379,39,541,444
Icterus auratus,-90.21835,20.363297,2,2007,5514175654,"c(-90.21835, 20.363297)",6,69.18802642822266,36.400001525878906,27.766666412353516,26.450000762939453,24.233333587646484,16,509,249
Icterus auratus,-88.478096,18.229753,5,2021,5509370538,"c(-88.478096, 18.229753)",9,68.3226547241211,33.099998474121094,27.483333587646484,25.299999237060547,23.483333587646484,27,555,492
Icterus auratus,-90.09912,20.742002,4,2024,5497825370,"c(-90.09912, 20.742002)",7,70.78853607177734,35.599998474121094,27.58333396911621,26.11666679382324,23.983333587646484,14,437,216
Icterus auratus,-88.81352,20.799849,11,2008,5489503652,"c(-88.81352, 20.799849)",27,69.26020050048828,35.5,27.03333282470703,23.766666412353516,23.03333282470703,25,522,394
Icterus auratus,-90.03736,20.324217,12,2021,5479517174,"c(-90.03736, 20.324217)",28,67.857147216796875,36.599998474121094,27.5,26.049999237060547,23.683334350585938,20,538,276
Icterus auratus,-87.49089,20.296131,2,2024,5471394591,"c(-87.49089, 20.296131)",13,70.0106201171875,32.79999923706055,26.833332061767575,24.766666412353516,23.33333396911621,40,498,377
Icterus auratus,-89.97602,21.10288,5,2024,5461654221,"c(-89.97602, 21.10288)",4,67.34893035888672,34.599998474121094,27.61666679382324,25.566665649414063,23.5,14,317,238
Icterus auratus,-87.88788,18.771114,1,2015,5459587072,"c(-87.88788, 18.771114)",1,69.80769348144531,32.70000076293945,26.816665649414063,25.66666603088379,24.38333320617676,32,555,436
Icterus auratus,-89.29164,18.81114,9,2016,5449563825,"c(-89.29164, 18.81114)",198,70.446258544921875,33.900001525878906,26.233333587646484,24.41666603088379,22.28333282470703,16,399,326
Icterus auratus,-87.73706,18.707281,2,2024,5440127405,"c(-87.73706, 18.707281)",13,68.81719970703125,32.400001525878906,26.733333587646484,25.799999237060547,24.399999618530273,29,581,422
Icterus auratus,-89.41982,18.588352,1,2019,5435937231,"c(-89.41982, 18.588352)",266,70.26412200927734,33.79999923706055,25.516666412353516,24.266666412353516,22.066667556762695,22,428,337
Icterus auratus,-87.63576,20.875832,3,2011,5434824716,"c(-87.63576, 20.875832)",22,71.63978576660156,34.099998474121094,26.700000762939453,24.46666717529297,22.91666603088379,43,504,456
Icterus auratus,-89.397766,21.080505,2,2024,5433874564,"c(-89.397766, 21.080505)",10,67.10297393798828,35.29999923706055,27.21666717529297,25.38333320617676,23.08333396911621,21,407,312
Icterus auratus,-89.71183,20.594984,5,2024,5430152920,"c(-89.71183, 20.594984)",14,67.38094329833984,36.400001525878906,27.13333320617676,25.483333587646484,23.016666412353516,24,547,270
Icterus auratus,-92.24068,18.629314,3,2024,5427093277,"c(-92.24068, 18.629314)",2,62.370601654052734,35.099998474121094,27.71666717529297,26.183334350585938,23.899999618530273,27,673,397
Icterus auratus,-90.22571,19.96524,2,2024,5426600991,"c(-90.22571, 19.96524)",22,65.68876647949219,36.400001525878906,27.683334350585938,26.13333320617676,23.733333587646484,19,612,277
Icterus auratus,-87.47575,21.102451,3,2017,5416574736,"c(-87.47575, 21.102451)",13,70.04386901855469,34.099998474121094,26.58333396911621,24.100000381469727,22.549999237060547,43,544,455
Icterus auratus,-87.678116,18.784073,11,2024,5411171585,"c(-87.678116, 18.784073)",5,69.35484313964844,32.5,26.816665649414063,25.88333320617676,24.5,30,582,422
Icterus auratus,-88.16381,21.328188,2,2024,5406571967,"c(-88.16381, 21.328188)",11,71.3107681274414,35.099998474121094,27.33333396911621,25.13333320617676,23.266666412353516,34,494,385
Icterus auratus,-89.03126,21.28115,5,2024,5398226746,"c(-89.03126, 21.28115)",4,69.25438690185547,35,27.100000381469727,25.233333587646484,23.100000381469727,19,375,295
Icterus auratus,-90.41323,20.088066,6,1999,5396959089,"c(-90.41323, 20.088066)",6,66.53153228759766,35.79999923706055,27.933334350585938,26.016666412353516,23.850000381469727,16,565,398
Icterus auratus,-87.64328,21.456984,2,2016,5395797675,"c(-87.64328, 21.456984)",8,70.279388427734375,33.599998474121094,26.766666412353516,24.21666717529297,22.78333282470703,29,360,318
Icterus auratus,-89.94719,20.559364,8,2017,5383455421,"c(-89.94719, 20.559364)",58,68.781097412109375,36.099998474121094,27.149999618530273,25.649999618530273,23.350000381469727,22,527,277
Icterus auratus,-88.06101,21.120794,4,2013,5381329269,"c(-88.06101, 21.120794)",23,71.367523193359375,35,27.266666412353516,23.649999618530273,23.083332061767575,38,517,428
Icterus auratus,-87.232925,20.50233,1,2024,5377108881,"c(-87.232925, 20.50233)",6,66.50109100341797,32.900001525878906,27.149999618530273,24.983333587646484,23.549999237060547,36,558,414
Icterus auratus,-87.48377,20.806067,12,2022,5373725693,"c(-87.48377, 20.806067)",21,70.62146759033203,33.5,26.683334350585938,24.36666679382324,22.850000381469727,44,549,455
Icterus auratus,-89.300285,20.947367,12,2024,5367324039,"c(-89.300285, 20.947367)",16,66.877105712890625,35.599998474121094,27.049999237060547,25.299999237060547,22.91666603088379,20,453,234
Icterus auratus,-88.16082,21.097563,2,2024,5363273725,"c(-88.16082, 21.097563)",23,71.34880065917969,35,27.21666717529297,23.683332443237305,23.100000381469727,39,574,471
Icterus auratus,-87.203125,21.00894,5,2008,5361999069,"c(-87.203125, 21.00894)",10,68.79845428466797,33.29999923706055,26.933332443237305,24.333332061767575,22.78333282470703,43,526,428
Icterus auratus,-86.819,21.276,4,2024,5357822533,"c(-86.819, 21.276)",4,64.40397644042969,33.099998474121094,27.450000762939453,24.600000381469727,23.299999237060547,37,490,399
Icterus auratus,-90.868095,18.615746,1,2024,5356604501,"c(-90.868095, 18.615746)",53,64.74037170410156,36.79999923706055,27.61666679382324,26.16666603088379,23.600000381469727,22,714,308
Icterus auratus,-89.583206,20.376886,12,2024,5354512906,"c(-89.583206, 20.376886)",92,67.01229095458984,36.29999923706055,26.63333320617676,23.350000381469727,22.46666717529297,23,530,285
Icterus auratus,-90.6508,19.272518,1,2020,5353510797,"c(-90.6508, 19.272518)",5,64.26701354980469,36,27.549999237060547,25.88333320617676,23.399999618530273,19,702,271
Icterus auratus,-88.468765,21.173319,6,2024,5334745355,"c(-88.468765, 21.173319)",12,71.1139907836914,35.29999923706055,27.149999618530273,25.33333396911621,23.399999618530273,36,572,458
Icterus auratus,-90.37024,20.534384,5,2024,5333353507,"c(-90.37024, 20.534384)",6,70.73970031738281,35.29999923706055,27.91666603088379,26,24.149999618530273,10,443,334
Icterus auratus,-87.662224,20.594604,4,2012,5329731161,"c(-87.662224, 20.594604)",20,71.52381134033203,33.5,26.61666679382324,24.399999618530273,22.933332443237305,44,501,421
Icterus auratus,-89.48223,19.976543,1,2024,5321575179,"c(-89.48223, 19.976543)",158,67.93650817871094,35.70000076293945,26.5,23.266666412353516,22.399999618530273,23,504,388
Icterus auratus,-89.33484,20.52831,9,2024,5320707189,"c(-89.33484, 20.52831)",21,67.01229095458984,36.79999923706055,27.066667556762695,23.899999618530273,23,27,529,284
Icterus auratus,-90.36129,19.921185,12,2017,5310298994,"c(-90.36129, 19.921185)",3,65.41450500488281,36.20000076293945,27.88333320617676,26.11666679382324,23.766666412353516,17,604,260
Icterus auratus,-90.39653,19.407722,4,2024,5303566586,"c(-90.39653, 19.407722)",16,63.75000762939453,36.599998474121094,27.63333320617676,25.96666717529297,23.450000762939453,19,678,287
Icterus auratus,-90.394775,20.844265,8,2024,5298885426,"c(-90.394775, 20.844265)",1,70.51688385009766,34.29999923706055,27.96666717529297,25.766666412353516,24.066667556762695,8,381,273
Icterus auratus,-89.483643,18.51815,3,2008,5026595696,"c(-89.483643, 18.51815)",283,70.07978057861328,34.20000076293945,25.600000381469727,24.36666679382324,22.149999618530273,23,457,343
Icterus auratus,-88.75811,19.276339,10,2023,4842132680,"c(-88.75811, 19.276339)",74,72.40437316894531,34.599998474121094,27.016666412353516,25.05000114440918,23.183332443237305,24,429,345
Icterus auratus,-87.85459,18.89773,12,2023,4842027220,"c(-87.85459, 18.89773)",4,70.55961608886719,32.79999923706055,26.600000381469727,25.516666412353516,24.183334350585938,35,558,438
Icterus auratus,-87.595375,19.778593,6,2023,4838363382,"c(-87.595375, 19.778593)",3,70.12471771240234,33.099998474121094,27.316667556762695,25.36666679382324,24.016666412353516,35,526,406
Icterus auratus,-90.21553,20.645855,12,2023,4834492593,"c(-90.21553, 20.645855)",5,73.15315246582031,36,27.88333320617676,26.549999237060547,24.600000381469727,11,395,312
Icterus auratus,-89.84696,18.300892,3,2023,4833259444,"c(-89.84696, 18.300892)",206,68.13233184814453,35.599998474121094,26.5,25.16666603088379,22.799999237060547,27,523,358
Icterus auratus,-89.42621,20.905586,7,2023,4826124918,"c(-89.42621, 20.905586)",16,66.91667175292969,35.79999923706055,27.08333396911621,25.433334350585938,23.049999237060547,22,471,236
Icterus auratus,-89.94996,21.199238,12,2023,4823846782,"c(-89.94996, 21.199238)",1,66.82795715332031,33.70000076293945,27.21666717529297,25.28333282470703,23.433332443237305,14,285,211
Icterus auratus,-87.877464,18.09059,5,2023,4816509044,"c(-87.877464, 18.09059)",5,63.8636360168457,31.899999618530273,26.916667938232425,26,24.600000381469727,32,566,385
Icterus auratus,-90.07643,18.175377,5,2023,4814672558,"c(-90.07643, 18.175377)",184,66.91791534423828,35.900001525878906,26.69999885559082,25.349998474121097,22.950000762939453,31,564,298
Icterus auratus,-89.31491,19.234524,5,2023,4812750242,"c(-89.31491, 19.234524)",126,69.30485534667969,35.400001525878906,26.850000381469727,25.16666603088379,22.78333282470703,11,382,311
Icterus auratus,-90.27197,18.634598,7,2023,4812125238,"c(-90.27197, 18.634598)",64,65.5887222290039,36.70000076293945,27.13333320617676,24.33333396911621,23.483333587646484,21,598,274
Icterus auratus,-90.63777,18.793118,11,2023,4805683215,"c(-90.63777, 18.793118)",54,64.1708984375,36.29999923706055,27.450000762939453,25.78333282470703,23.200000762939453,20,683,286
Icterus auratus,-87.79175,18.625425,1,2023,4804844226,"c(-87.79175, 18.625425)",7,68.14515686035156,32.400001525878906,26.71666717529297,25.78333282470703,24.36666679382324,29,577,423
Icterus auratus,-89.86775,20.758156,3,2023,4798904076,"c(-89.86775, 20.758156)",12,68.579925537109375,35.900001525878906,27.316667556762695,25.75,23.450000762939453,22,509,251
Icterus auratus,-87.91528,18.005957,1,2023,4781517894,"c(-87.91528, 18.005957)",3,64.09090423583984,31.899999618530273,27,26.066665649414063,24.683332443237305,35,569,412
Icterus auratus,-87.58713,20.722956,4,2023,4780720424,"c(-87.58713, 20.722956)",26,71.32769012451172,33.599998474121094,26.66666603088379,24.433332443237305,22.91666603088379,44,516,438
Icterus auratus,-90.01437,20.438253,6,2023,4773823693,"c(-90.01437, 20.438253)",25,68.75000762939453,36.099998474121094,27.36666488647461,25.816665649414063,23.46666717529297,20,524,273
Icterus auratus,-89.11738,21.356756,1,2023,4770714147,"c(-89.11738, 21.356756)",0,70.1388931274414,34,27.33333396911621,25.049999237060547,23.233333587646484,16,333,262
Icterus auratus,-89.71739,21.079807,1,2023,4762382492,"c(-89.71739, 21.079807)",6,65.85145568847656,35.099998474121094,27.28333282470703,25.53333282470703,23.233333587646484,21,395,299
Icterus auratus,-87.01371,20.862751,1,2023,4757861233,"c(-87.01371, 20.862751)",13,64.412994384765625,33.20000076293945,27.21666717529297,24.600000381469727,23.149999618530273,43,527,401
Icterus auratus,-87.58147,19.081087,12,2023,4744761193,"c(-87.58147, 19.081087)",10,69.642852783203125,32.5,26.700000762939453,25.600000381469727,24.36666679382324,34,572,424
Icterus auratus,-88.9178,19.85503,4,2023,4729214097,"c(-88.9178, 19.85503)",43,69.31644439697266,36.599998474121094,27.28333282470703,23.899999618530273,23.100000381469727,29,523,419
Icterus auratus,-87.609,21.361,3,2023,4726600176,"c(-87.609, 21.361)",13,70.716949462890625,33.599998474121094,26.549999237060547,24.05000114440918,22.53333282470703,33,406,373
Icterus auratus,-89.88198,20.485258,10,2023,4725472292,"c(-89.88198, 20.485258)",34,67.71845245361328,36.29999923706055,27.183334350585938,24.016666412353516,23.183332443237305,23,540,282
Icterus auratus,-88.23326,18.607693,6,2023,4725373083,"c(-88.23326, 18.607693)",8,68.34576416015625,32.400001525878906,27.316667556762695,25.600000381469727,23.983333587646484,26,482,456
Icterus auratus,-89.56245,20.813044,4,2023,4721128404,"c(-89.56245, 20.813044)",15,66.66666412353516,36,27.100000381469727,25.433334350585938,23.016666412353516,24,510,248
Icterus auratus,-87.951164,20.799763,3,2023,4713067283,"c(-87.951164, 20.799763)",21,72.56944274902344,35,27.36666679382324,23.86666679382324,23.36666679382324,38,462,378
Icterus auratus,-89.74153,20.789938,4,2023,4712929427,"c(-89.74153, 20.789938)",14,67.375,36,27.21666717529297,25.600000381469727,23.233333587646484,23,519,250
Icterus auratus,-89.789185,20.30852,2,2023,4710265828,"c(-89.789185, 20.30852)",65,66.78572082519531,36.099998474121094,26.86666679382324,23.600000381469727,22.733333587646484,22,536,285
Icterus auratus,-89.58871,20.488605,3,2023,4704758931,"c(-89.58871, 20.488605)",22,66.82027435302734,36.599998474121094,26.983333587646484,23.683332443237305,22.766666412353516,24,538,277
Icterus auratus,-88.40996,18.643991,6,2023,4694881213,"c(-88.40996, 18.643991)",14,70.12471771240234,32.5,27.36666679382324,25.149999618530273,23.483333587646484,25,428,425
Icterus auratus,-89.0755,20.042032,2,2023,4680431519,"c(-89.0755, 20.042032)",72,69.15888214111328,36.29999923706055,27,23.649999618530273,22.86666679382324,26,523,412
Icterus auratus,-87.12626,20.584667,3,2023,4679721037,"c(-87.12626, 20.584667)",11,64.87696075439453,33,27.299999237060547,25.016666412353516,23.566667556762695,35,572,422
Icterus auratus,-90.319786,19.026741,2,2023,4666624624,"c(-90.319786, 19.026741)",48,64.460784912109375,36.5,27.483333587646484,25.78333282470703,23.183334350585938,18,620,269
Icterus auratus,-86.96953,20.473537,11,2023,4661431257,"c(-86.96953, 20.473537)",9,62.53180694580078,32.5,27.58333396911621,25.25,23.96666717529297,33,596,427
Icterus auratus,-88.395966,18.095745,4,2023,4655511622,"c(-88.395966, 18.095745)",24,67.99516296386719,32.20000076293945,27.049999237060547,25.183334350585938,23.53333282470703,33,580,558
Icterus auratus,-88.34524,20.541348,6,2022,4655267621,"c(-88.34524, 20.541348)",28,71.023681640625,35.400001525878906,27.266666412353516,23.899999618530273,23.30000114440918,33,537,418
Icterus auratus,-88.22438,17.513975,3,2023,4643254365,"c(-88.22438, 17.513975)",4,63.30531311035156,31.700000762939453,27.299999237060547,25.700000762939453,24.149999618530273,46,663,558
Icterus auratus,-88.158264,21.59787,10,2023,4642882966,"c(-88.158264, 21.59787)",1,70.94017028808594,33,26.933334350585938,24.850000381469727,23.25,17,297,253
Icterus auratus,-89.52633,20.90892,7,2023,4636835686,"c(-89.52633, 20.90892)",13,66.70854187011719,35.900001525878906,27.13333320617676,25.5,23.13333320617676,23,480,237
Icterus auratus,-89.746765,19.267624,4,2023,4628287269,"c(-89.746765, 19.267624)",188,66.7081298828125,35.599998474121094,26.233333587646484,23.53333282470703,22.61666679382324,20,501,281
Icterus auratus,-86.9408,20.937183,9,2023,4618986764,"c(-86.9408, 20.937183)",8,63.83647155761719,33.400001525878906,27.38333320617676,24.71666717529297,23.266666412353516,44,512,391
Icterus auratus,-89.107998,21.009679,3,1890,4527352330,"c(-89.107998, 21.009679)",12,67.76094818115234,35.5,27.066665649414063,25.28333282470703,22.983333587646484,19,457,347
Icterus auratus,-89.966595,19.732705,4,1952,4527317794,"c(-89.966595, 19.732705)",92,64.82843017578125,36.20000076293945,27.200000762939453,23.983333587646484,23.08333396911621,22,565,282
Icterus auratus,-86.895256,20.537281,7,2022,4386266237,"c(-86.895256, 20.537281)",9,60.89744186401367,32.599998474121094,27.66666603088379,25.233333587646484,23.950000762939453,32,594,425
Icterus auratus,-86.83349,20.981546,11,2022,4383826819,"c(-86.83349, 20.981546)",7,64.161224365234375,33.5,27.61666679382324,25,23.61666679382324,40,512,389
Icterus auratus,-88.398125,19.50837,6,2022,4383091709,"c(-88.398125, 19.50837)",27,71.53558349609375,34.599998474121094,26.983333587646484,25.183332443237305,23.53333282470703,34,593,415
Icterus auratus,-89.8684,20.091715,8,2022,4381358225,"c(-89.8684, 20.091715)",96,66.103057861328125,36.20000076293945,27.016666412353516,25.53333282470703,23,22,538,279
Icterus auratus,-87.62011,20.071434,4,2022,4375724920,"c(-87.62011, 20.071434)",12,71.10389709472656,33,27.066665649414063,25,23.649999618530273,38,503,390
Icterus auratus,-88.36991,20.201075,10,2022,4375443659,"c(-88.36991, 20.201075)",33,70.23809051513672,35.70000076293945,27.316665649414063,23.933332443237305,23.33333396911621,33,519,392
Icterus auratus,-89.024734,18.314789,3,2022,4367493196,"c(-89.024734, 18.314789)",153,73.10606384277344,33.29999923706055,26.30000114440918,24.21666717529297,22.399999618530273,27,511,482
Icterus auratus,-88.19902,18.209017,6,2022,4351785947,"c(-88.19902, 18.209017)",11,65.67459869384766,32,27.41666603088379,25.566665649414063,24.03333282470703,29,555,496
Icterus auratus,-87.6402,18.891768,12,2022,4347868900,"c(-87.6402, 18.891768)",2,69.220428466796875,32.5,26.816665649414063,25.75,24.5,32,581,423
Icterus auratus,-88.04199,19.486948,6,2022,4346752147,"c(-88.04199, 19.486948)",16,70.59748077392578,33.70000076293945,27.233333587646484,25.200000762939453,23.766666412353516,38,536,458
Icterus auratus,-87.57766,20.3484,2,2022,4342724658,"c(-87.57766, 20.3484)",24,70.20201873779297,33,26.683334350585938,24.516666412353516,23.100000381469727,40,499,389
Icterus auratus,-89.63959,20.870532999999998,2,2022,4337945517,"c(-89.63959, 20.870533)",13,67.21379852294922,35.900001525878906,27.200000762939453,25.566665649414063,23.200000762939453,23,504,242
Icterus auratus,-88.47099,18.403303,5,2022,4323298589,"c(-88.47099, 18.403303)",12,68.4523696899414,32.900001525878906,27.516666412353516,25.266666412353516,23.46666717529297,23,511,511
Icterus auratus,-88.24788,18.09657,12,2022,4322899032,"c(-88.24788, 18.09657)",15,66.53746795654297,31.899999618530273,27.233333587646484,25.399999618530273,23.799999237060547,35,577,522
Icterus auratus,-87.75384,21.34191,2,2022,4319349539,"c(-87.75384, 21.34191)",13,71.33152770996094,34.099998474121094,26.650001525878903,24.36666679382324,22.78333282470703,32,380,356
Icterus auratus,-88.28479,21.30048,1,2022,4318937025,"c(-88.28479, 21.30048)",13,71.2081069946289,34.900001525878906,27.25,25.083332061767575,23.16666603088379,34,513,401
Icterus auratus,-88.76739,18.660864,5,2005,4310136713,"c(-88.76739, 18.660864)",78,72.767852783203125,32.900001525878906,26.16666603088379,24.600000381469727,22.75,11,402,387
Icterus auratus,-90.08282,20.59659,9,2022,4302019385,"c(-90.08282, 20.59659)",9,71.1605453491211,35.900001525878906,27.600000381469727,26.149999618530273,24,16,474,386
Icterus auratus,-88.35296,18.223667,1,2022,4301048565,"c(-88.35296, 18.223667)",12,68.27586364746094,32.79999923706055,27.30000114440918,25.566665649414063,23.88333320617676,29,545,480
Icterus auratus,-88.73074,20.706907,1,2022,4295948768,"c(-88.73074, 20.706907)",28,69.5,35.70000076293945,27.13333320617676,23.88333320617676,23.16666603088379,28,538,411
Icterus auratus,-89.46049,20.629461,10,2022,4295413648,"c(-89.46049, 20.629461)",15,66.7840347290039,36.70000076293945,27.100000381469727,23.933334350585938,23.016666412353516,25,523,265
Icterus auratus,-87.349174,21.274958,5,2022,4294262202,"c(-87.349174, 21.274958)",8,69.3031997680664,33.5,26.683332443237305,23.950000762939453,22.516666412353516,38,497,448
Icterus auratus,-87.526825,20.897635,10,1991,4276613166,"c(-87.526825, 20.897635)",22,70.92491149902344,33.79999923706055,26.649999618530273,24.33333396911621,22.83333396911621,44,559,475
Icterus auratus,-89.40552,18.301607,4,2015,4273403537,"c(-89.40552, 18.301607)",253,70.76856231689453,34.70000076293945,26.016666412353516,24.66666603088379,22.450000762939453,27,532,377
Icterus auratus,-92.09102,18.25438,11,2022,4272775396,"c(-92.09102, 18.25438)",5,62.52408218383789,35.70000076293945,27.75,26.299999237060547,23.91666603088379,35,815,507
Icterus auratus,-90.373726,20.932203,8,2022,4265997242,"c(-90.373726, 20.932203)",4,69.46202087402344,34.20000076293945,27.91666603088379,25.683334350585938,23.96666717529297,8,353,252
Icterus auratus,-88.775604,19.878832,8,2022,4252670678,"c(-88.775604, 19.878832)",14,69.575469970703125,36.599998474121094,27.483333587646484,24.08333396911621,23.36666679382324,30,547,435
Icterus auratus,-90.449234,19.509584,1,2022,4244771998,"c(-90.449234, 19.509584)",49,63.95938873291016,36.20000076293945,27.483333587646484,25.799999237060547,23.299999237060547,18,695,289
Icterus auratus,-88.46017,19.362133,2,2022,4221850145,"c(-88.46017, 19.362133)",28,73.19046783447266,34.400001525878906,26.88333320617676,25.21666717529297,23.58333396911621,33,524,390
Icterus auratus,-89.292816,21.215662,8,2022,4217811990,"c(-89.292816, 21.215662)",7,67.11229705810547,35,27.21666717529297,25.299999237060547,23.066665649414063,19,365,281
Icterus auratus,-89.05886,20.581036,5,2020,4212537398,"c(-89.05886, 20.581036)",23,67.99516296386719,36.20000076293945,27.100000381469727,23.86666679382324,23.049999237060547,28,519,401
Icterus auratus,-89.94514,18.557539,5,2005,4210873719,"c(-89.94514, 18.557539)",157,67.2110595703125,35.79999923706055,26.58333396911621,25.350000381469727,22.88333320617676,23,488,248
Icterus auratus,-88.93462,19.629251,1,2022,4195595686,"c(-88.93462, 19.629251)",61,69.89379119873047,35.79999923706055,27.149999618530273,23.799999237060547,23.03333282470703,27,474,383
Icterus auratus,-90.43779,19.639183,9,2022,4190806280,"c(-90.43779, 19.639183)",29,64.44444274902344,36.29999923706055,27.61666679382324,25.96666717529297,23.516666412353516,19,666,280
Icterus auratus,-88.083305,19.72291,2,2008,4179329856,"c(-88.083305, 19.72291)",21,71.03175354003906,34,27.13333320617676,25.11666679382324,23.666667938232425,38,523,445
Icterus auratus,-90.365,19.818333,12,1961,4168678163,"c(-90.365, 19.818333)",13,64.16667175292969,36.599998474121094,27.799999237060547,26.13333320617676,23.600000381469727,18,617,264
Icterus auratus,-89.6213,21.08942,1,2020,3691298563,"c(-89.6213, 21.08942)",7,66.1290283203125,35.20000076293945,27.25,25.53333282470703,23.233333587646484,22,399,204
Icterus auratus,-87.47884,20.07021,1,2019,3686951897,"c(-87.47884, 20.07021)",1,70.97505187988281,33,27.299999237060547,25.299999237060547,24.03333282470703,34,509,381
Icterus auratus,-89.64827,21.27805,11,2021,3677587078,"c(-89.64827, 21.27805)",0,66.07142639160156,33.5,27.149999618530273,25.183334350585938,23.33333396911621,20,298,214
Icterus auratus,-89.18332,21.231054,4,2021,3676368288,"c(-89.18332, 21.231054)",8,67.62653350830078,35.099998474121094,27.183334350585938,25.266666412353516,23.016666412353516,18,375,291
Icterus auratus,-88.25693,20.23723,4,2021,3670057799,"c(-88.25693, 20.23723)",31,70.74916076660156,35.29999923706055,26.83333396911621,23.86666679382324,23.299999237060547,35,513,390
Icterus auratus,-89.830025,19.741692,12,2021,3655629833,"c(-89.830025, 19.741692)",69,65.21739196777344,36.29999923706055,27.266666412353516,24.066667556762695,23.100000381469727,23,540,279
Icterus auratus,-87.34814,21.018095,5,2021,3654958987,"c(-87.34814, 21.018095)",13,69.47565460205078,33.5,26.75,24.200000762939453,22.683332443237305,45,545,450
Icterus auratus,-87.921745,20.893639,5,2021,3653365604,"c(-87.921745, 20.893639)",21,72.89473724365234,34.79999923706055,27.299999237060547,23.816667556762695,23.316665649414063,39,458,378
Icterus auratus,-88.633194,21.111277,11,2020,3638778593,"c(-88.633194, 21.111277)",16,71.82540130615234,35.099998474121094,26.91666603088379,25.28333282470703,23.38333320617676,40,599,483
Icterus auratus,-89.196556,20.756687,2,2021,3616184004,"c(-89.196556, 20.756687)",17,67.56098175048828,36.099998474121094,27.13333320617676,23.899999618530273,23.049999237060547,21,484,254
Icterus auratus,-88.204926,20.745865,6,2021,3612414774,"c(-88.204926, 20.745865)",26,71.319793701171875,35.400001525878906,27.33333396911621,23.899999618530273,23.316667556762695,32,532,427
Icterus auratus,-87.3233,20.918785,3,2021,3610240998,"c(-87.3233, 20.918785)",18,69.62208557128906,33.20000076293945,26.78333282470703,24.25,22.766666412353516,46,549,444
Icterus auratus,-87.44082,21.228926,5,2021,3591238626,"c(-87.44082, 21.228926)",14,69.8648681640625,33.79999923706055,26.53333282470703,23.933332443237305,22.433332443237305,39,505,453
Icterus auratus,-89.62556,19.717003,3,2021,3590284115,"c(-89.62556, 19.717003)",111,66.78572082519531,36.29999923706055,27.05000114440918,23.899999618530273,22.983333587646484,24,511,282
Icterus auratus,-87.81211,20.003881,10,2020,3590109201,"c(-87.81211, 20.003881)",10,70.6087875366211,33.599998474121094,27.016666412353516,24.983333587646484,23.53333282470703,39,504,410
Icterus auratus,-88.317924,21.150965,1,2021,3587154363,"c(-88.317924, 21.150965)",15,70.89810943603516,35.099998474121094,27.21666717529297,25.08333396911621,23.16666603088379,37,577,463
Icterus auratus,-90.191925,20.142101,9,2021,3576677629,"c(-90.191925, 20.142101)",5,67.47039031982422,36.5,27.75,26.399999618530273,24.066665649414063,19,570,272
Icterus auratus,-88.262665,19.4504,2,2021,3573478654,"c(-88.262665, 19.4504)",37,72.15568542480469,34,26.96666717529297,25.11666679382324,23.599998474121097,35,554,476
Icterus auratus,-88.4104,20.666578,5,2021,3570170151,"c(-88.4104, 20.666578)",31,70.70706939697266,35.5,27.25,23.86666679382324,23.233333587646484,31,555,435
Icterus auratus,-88.86155,19.928818,4,2021,3565146234,"c(-88.86155, 19.928818)",36,69.6483154296875,36.70000076293945,27.349998474121097,24,23.233333587646484,27,536,426
Icterus auratus,-88.06927,18.976461,8,2021,3563819000,"c(-88.06927, 18.976461)",11,72.240997314453125,33.099998474121094,27.16666603088379,25.33333396911621,23.899999618530273,38,554,459
Icterus auratus,-90.706604,19.35854,12,2021,3557382718,"c(-90.706604, 19.35854)",3,64.46207427978516,35.900001525878906,27.549999237060547,25.86666679382324,23.483333587646484,16,704,271
Icterus auratus,-89.33672,17.969114,1,2018,3540363802,"c(-89.33672, 17.969114)",254,70.69892883300781,34.20000076293945,26.099998474121097,24.416667938232425,22.46666717529297,33,587,442
Icterus auratus,-92.09307,18.112595,4,2021,3535416245,"c(-92.09307, 18.112595)",4,61.83712387084961,36,27.799999237060547,26.36666679382324,23.94999885559082,46,870,501
Icterus auratus,-86.97528,21.099756,5,2021,3532594904,"c(-86.97528, 21.099756)",13,66.06060791015625,33.29999923706055,27.183334350585938,24.450000762939453,22.91666603088379,42,501,402
Icterus auratus,-88.27068,20.647287,2,2021,3530908315,"c(-88.27068, 20.647287)",30,71.02368927001953,35.400001525878906,27.316665649414063,23.88333320617676,23.316667556762695,31,533,421
Icterus auratus,-88.536476,19.301214,5,2021,3520393613,"c(-88.536476, 19.301214)",33,72.85848236083984,34.599998474121094,26.850000381469727,25.25,23.53333282470703,31,482,370
Icterus auratus,-89.16429,18.821655,4,2021,3517349401,"c(-89.16429, 18.821655)",119,71.33699798583984,34,26.08333396911621,24.683334350585938,22.61666679382324,14,393,328
Icterus auratus,-92.506816,18.063721,4,2016,3306365442,"c(-92.506816, 18.063721)",2,62.249000549316406,35.29999923706055,27.816667556762695,26.03333282470703,23.78333282470703,50,884,508
Icterus auratus,-91.093056,19.021944,3,2015,3306363594,"c(-91.093056, 19.021944)",2,65.17341613769531,35.5,27.88333320617676,26.100000381469727,23.91666603088379,18,705,279
Icterus auratus,-91.833056,18.264418,7,2015,3306363157,"c(-91.833056, 18.264418)",-1,63.48314666748047,36,27.666667938232425,26.41666603088379,23.933334350585938,30,767,318
Icterus auratus,-91.21731,18.97426,2,2015,3306361959,"c(-91.21731, 18.97426)",2,64.970062255859375,35.29999923706055,28.016666412353516,26.149999618530273,24,18,695,280
Icterus auratus,-88.10625,19.135386,10,2020,3300993802,"c(-88.10625, 19.135386)",15,72.49455261230469,33.29999923706055,27.08333396911621,25.200000762939453,23.766666412353516,39,552,468
Icterus auratus,-87.170105,21.109327,11,2004,3290753923,"c(-87.170105, 21.109327)",11,68.48039245605469,33.20000076293945,26.88333320617676,24.19999885559082,22.71666717529297,42,514,426
Icterus auratus,-87.74666,20.524548,12,2020,3282470404,"c(-87.74666, 20.524548)",18,71.46893310546875,33.599998474121094,26.58333396911621,24.38333320617676,22.91666603088379,42,497,415
Icterus auratus,-88.16531,18.92864,11,2017,3275296058,"c(-88.16531, 18.92864)",5,72.43150329589844,33,27.183334350585938,25.316667556762695,23.933334350585938,38,519,451
Icterus auratus,-87.475174,20.981451,12,2020,3274540766,"c(-87.475174, 20.981451)",12,70.49180603027344,33.79999923706055,26.666667938232425,24.200000762939453,22.700000762939453,44,554,464
Icterus auratus,-89.39726,18.055655,7,2020,3252832657,"c(-89.39726, 18.055655)",234,70.4861068725586,34.70000076293945,26.25,24.66666603088379,22.58333396911621,31,585,421
Icterus auratus,-88.93364,21.04539,1,2020,3247426590,"c(-88.93364, 21.04539)",12,68.8663330078125,35.5,27,25.30000114440918,23.066667556762695,23,496,376
Icterus auratus,-87.33946,20.802979,2,2020,3243875895,"c(-87.33946, 20.802979)",6,68.7376708984375,33.29999923706055,26.88333320617676,24.38333320617676,22.950000762939453,46,552,440
Icterus auratus,-90.51091,18.785114,2,2020,3239621506,"c(-90.51091, 18.785114)",60,64.76683807373047,36,27.433334350585938,25.666667938232425,23.16666603088379,19,653,281
Icterus auratus,-89.01611,20.1725,2,2020,3239432796,"c(-89.01611, 20.1725)",39,68.81720733642578,36.599998474121094,27.183332443237305,23.850000381469727,23.016666412353516,28,535,416
Icterus auratus,-90.11196,19.997988,1,2020,3217466072,"c(-90.11196, 19.997988)",53,65.58872985839844,36.29999923706055,27.46666717529297,25.950000762939453,23.46666717529297,19,588,281
Icterus auratus,-88.322266,20.872786,9,2020,3210329659,"c(-88.322266, 20.872786)",25,70.66326141357422,35.29999923706055,27.200000762939453,23.799999237060547,23.183332443237305,34,580,465
Icterus auratus,-90.318344,20.171278,8,2020,3186230389,"c(-90.318344, 20.171278)",4,67.41228485107422,36.099998474121094,27.88333320617676,26.25,24.016666412353516,16,555,255
Icterus auratus,-88.05996,19.39006,11,2008,3184634441,"c(-88.05996, 19.39006)",12,71.09053802490234,33.79999923706055,27.16666603088379,25.21666717529297,23.733333587646484,37,527,460
Icterus auratus,-86.73096,21.226736,5,2020,3178370850,"c(-86.73096, 21.226736)",5,63.29787826538086,32.79999923706055,27.516666412353516,24.700000762939453,23.600000381469727,37,495,397
Icterus auratus,-88.868645,21.39302,5,2020,3166112279,"c(-88.868645, 21.39302)",1,72.04762268066406,34,27.016666412353516,24.88333320617676,23.049999237060547,17,334,273
Icterus auratus,-89.289215,21.047173,2,2020,3160314203,"c(-89.289215, 21.047173)",11,67.13675689697266,35.5,27.166667938232425,25.33333396911621,23,20,426,326
Icterus auratus,-88.15276,20.598785,1,2020,3139475105,"c(-88.15276, 20.598785)",26,71.06599426269531,35.29999923706055,27.316665649414063,23.86666679382324,23.33333396911621,35,509,401
Icterus auratus,-88.48918,18.916744,3,2020,3138617095,"c(-88.48918, 18.916744)",29,72.78807067871094,33.29999923706055,26.700000762939453,25.049999237060547,23.36666679382324,23,436,406
Icterus auratus,-90.706795,19.567167,1,2020,3134673787,"c(-90.706795, 19.567167)",3,64.07408142089844,35.599998474121094,27.700000762939453,25.91666603088379,23.649999618530273,15,661,259
Icterus auratus,-89.7709,19.408876,1,2020,3132559521,"c(-89.7709, 19.408876)",171,66.097564697265625,35.79999923706055,26.28333282470703,23.549999237060547,22.63333320617676,22,529,292
Icterus auratus,-88.78146,19.030615,1,2001,2798553183,"c(-88.78146, 19.030615)",68,72.79693603515625,33.79999923706055,26.399999618530273,24.88333320617676,23.049999237060547,17,403,332
Icterus auratus,-89.68772,20.989534,10,2019,2796961021,"c(-89.68772, 20.989534)",9,66.71052551269531,35.70000076293945,27.36666679382324,25.700000762939453,23.450000762939453,22,457,349
Icterus auratus,-89.303955,20.203726,10,2019,2796276242,"c(-89.303955, 20.203726)",79,68.10606384277344,36.599998474121094,26.899999618530273,23.683334350585938,22.799999237060547,25,533,302
Icterus auratus,-88.76465,21.005556,9,2019,2789677428,"c(-88.76465, 21.005556)",12,70.12089538574219,35.29999923706055,27.016666412353516,25.266666412353516,23.183334350585938,30,559,432
Icterus auratus,-89.294136,19.781113,12,2019,2789077356,"c(-89.294136, 19.781113)",83,69.14308166503906,36.20000076293945,27,23.78333282470703,22.899999618530273,25,466,375
Icterus auratus,-89.77923,20.510527,11,2019,2781218736,"c(-89.77923, 20.510527)",26,67.101104736328125,36.29999923706055,27.066667556762695,23.816667556762695,22.933332443237305,24,546,279
Icterus auratus,-89.10523,18.44431,10,2019,2778250606,"c(-89.10523, 18.44431)",134,72.31329345703125,33.900001525878906,26.049999237060547,24.5,22.516666412353516,24,467,384
Icterus auratus,-90.60585,19.785612,9,2019,2777810608,"c(-90.60585, 19.785612)",20,64.606231689453125,35.79999923706055,27.733333587646484,26,23.71666717529297,15,617,250
Icterus auratus,-89.85718,19.58308,1,2010,277491798,"c(-89.85718, 19.58308)",142,64.92718505859375,36,26.96666717529297,23.649999618530273,22.733333587646484,22,544,289
Icterus auratus,-90.44117,20.202923,9,1995,277490555,"c(-90.44117, 20.202923)",5,67.124542236328125,35.70000076293945,27.96666717529297,26.03333282470703,23.950000762939453,14,529,377
Icterus auratus,-90.20162,20.77992,3,2019,2764869449,"c(-90.20162, 20.77992)",5,70.5828857421875,35.599998474121094,27.75,26.200000762939453,24.13333320617676,11,398,305
Icterus auratus,-88.90137,20.853678,11,2009,276449763,"c(-88.90137, 20.853678)",15,68.83333587646484,35.79999923706055,27.08333396911621,25.350000381469727,23.11666679382324,22,501,373
Icterus auratus,-88.15393,19.812735,5,2019,2763577032,"c(-88.15393, 19.812735)",21,70.92591857910156,34.5,27.08333396911621,25.13333320617676,23.58333396911621,38,512,443
Icterus auratus,-90.71201,18.962265,4,2019,2752438967,"c(-90.71201, 18.962265)",20,64.55094909667969,36.29999923706055,27.58333396911621,25.916667938232425,23.41666603088379,19,699,280
Icterus auratus,-89.213806,19.8841,5,2019,2744976012,"c(-89.213806, 19.8841)",137,69.17057800292969,36,26.683332443237305,23.433334350585938,22.600000381469727,25,489,391
Icterus auratus,-88.96868,20.769396,1,2019,2735734106,"c(-88.96868, 20.769396)",16,68.26765441894531,36,27.100000381469727,23.88333320617676,23.08333396911621,20,483,357
Icterus auratus,-87.92615,20.099688,2,2019,2730816614,"c(-87.92615, 20.099688)",20,71.22905731201172,34.099998474121094,26.900001525878903,24.983333587646484,23.433334350585938,39,502,422
Icterus auratus,-88.063,21.558,3,2014,2721631776,"c(-88.063, 21.558)",7,71.1382064819336,33.400001525878906,26.94999885559082,24.83333396911621,23.233333587646484,21,322,280
Icterus auratus,-90.1208,20.393688,7,2019,2720869217,"c(-90.1208, 20.393688)",8,69.34672546386719,36.400001525878906,27.63333320617676,26.25,23.983333587646484,18,512,259
Icterus auratus,-86.80569,21.132574,3,2011,2715855138,"c(-86.80569, 21.132574)",1,65.49893951416016,33.79999923706055,27.86666679382324,25.11666679382324,23.78333282470703,38,500,394
Icterus auratus,-87.22032,21.415016,7,2017,2714733016,"c(-87.22032, 21.415016)",0,68.92570495605469,33.099998474121094,26.933332443237305,24.100000381469727,22.766666412353516,34,460,409
Icterus auratus,-88.25431,18.709984,5,2019,2689838945,"c(-88.25431, 18.709984)",5,70.05953216552734,32.599998474121094,27.25,25.483333587646484,23.933334350585938,29,461,439
Icterus auratus,-88.93382,21.311451,6,2019,2685619654,"c(-88.93382, 21.311451)",6,70.24432373046875,35,27.03333282470703,25.200000762939453,23.100000381469727,19,373,297
Icterus auratus,-88.13853,18.345089,4,2019,2681304322,"c(-88.13853, 18.345089)",14,65.93916320800781,32.099998474121094,27.399999618530273,25.61666679382324,24.066665649414063,24,547,475
Icterus auratus,-87.706825,21.22566,4,2019,2670957306,"c(-87.706825, 21.22566)",14,71.075836181640625,34.29999923706055,27.066665649414063,24.350000381469727,22.75,36,435,357
Icterus auratus,-86.899445,20.852795,1,2019,2669891551,"c(-86.899445, 20.852795)",7,64.56954193115234,33.29999923706055,27.516666412353516,25,23.58333396911621,40,516,383
Icterus auratus,-88.35891,18.005749,12,2017,2652533943,"c(-88.35891, 18.005749)",18,67.03162384033203,32.20000076293945,27.13333320617676,25.299999237060547,23.66666603088379,40,606,568
Icterus auratus,-88.938333,21.148333,10,1951,2630689563,"c(-88.938333, 21.148333)",11,69.217681884765625,35.400001525878906,27.066665649414063,25.316667556762695,23.100000381469727,22,470,360
Icterus auratus,-88.773315,20.621794,3,1898,2630629202,"c(-88.773315, 20.621794)",28,69.72361755371094,35.70000076293945,27.166667938232425,23.899999618530273,23.16666603088379,28,534,407
Icterus auratus,-88.25,19.716667,3,1953,2630547524,"c(-88.25, 19.716667)",26,70.973785400390625,34.5,27.066665649414063,25.183334350585938,23.583332061767575,36,513,389
Icterus auratus,-88.0797,19.591608,11,2018,2233497379,"c(-88.0797, 19.591608)",15,70.65656280517578,34,27.21666717529297,25.28333282470703,23.75,38,533,406
Icterus auratus,-89.54444,20.251389,11,2018,2230261430,"c(-89.54444, 20.251389)",55,66.85779571533203,36.5,26.849998474121097,23.566665649414063,22.66666603088379,22,524,287
Icterus auratus,-88.543106,18.769848,11,2018,2227003428,"c(-88.543106, 18.769848)",19,71.60493469238281,33.20000076293945,26.700000762939453,25.049999237060547,23.316665649414063,17,408,391
Icterus auratus,-90.26044,20.853539,12,2018,2224124270,"c(-90.26044, 20.853539)",4,70.28571319580078,35,27.816665649414063,25.88333320617676,23.933334350585938,10,379,282
Icterus auratus,-89.22806,20.538502,12,2018,2223860234,"c(-89.22806, 20.538502)",22,67.69840240478516,36.400001525878906,27.066665649414063,23.86666679382324,23.016666412353516,27,528,288
Icterus auratus,-88.63577,21.254343,11,2018,2223544536,"c(-88.63577, 21.254343)",7,70.94355773925781,35,27.016666412353516,25.21666717529297,23.233333587646484,31,525,414
Icterus auratus,-89.33289,18.504257,9,2018,2218056562,"c(-89.33289, 18.504257)",244,71.35700988769531,33.900001525878906,25.700000762939453,24.33333396911621,22.25,23,455,352
Icterus auratus,-88.379395,18.529161,9,2018,2211357316,"c(-88.379395, 18.529161)",4,68.47319793701172,32.5,27.66666603088379,25.41666603088379,23.700000762939453,24,470,470
Icterus auratus,-87.747734,19.789307,1,1999,2211143198,"c(-87.747734, 19.789307)",11,70.51688385009766,33.29999923706055,27.183332443237305,25.166667938232425,23.75,39,518,415
Icterus auratus,-90.14028,18.60774,7,2018,2195436606,"c(-90.14028, 18.60774)",86,65.77235412597656,36.70000076293945,26.96666717529297,25.88333320617676,23.28333282470703,22,551,263
Icterus auratus,-87.95996,17.922121,10,2018,2194715818,"c(-87.95996, 17.922121)",2,62.03703308105469,31.700000762939453,26.899999618530273,25.933334350585938,24.58333396911621,39,586,449
Icterus auratus,-90.78959,18.442036,6,2018,2176007876,"c(-90.78959, 18.442036)",64,63.91708755493164,36.5,27.483333587646484,25.83333396911621,23.266666412353516,22,648,306
Icterus auratus,-89.11039,21.156507,5,2018,2156847511,"c(-89.11039, 21.156507)",9,67.99828338623047,35.20000076293945,27.08333396911621,25.25,22.96666717529297,19,414,318
Icterus auratus,-87.61656,21.266535,2,2018,2149928909,"c(-87.61656, 21.266535)",16,70.83332824707031,34,26.53333282470703,24.13333320617676,22.583332061767575,37,448,414
Icterus auratus,-88.07833,19.875566,2,2018,2138156207,"c(-88.07833, 19.875566)",6,71.19047546386719,34.29999923706055,27.16666603088379,25.200000762939453,23.700000762939453,38,510,437
Icterus auratus,-88.5127,18.322468,1,2018,2124675871,"c(-88.5127, 18.322468)",11,69.17735290527344,33,27.433332443237305,25.200000762939453,23.399999618530273,26,536,536
Icterus auratus,-90.24578,20.488922,12,2017,2119243094,"c(-90.24578, 20.488922)",4,70.83332824707031,36.400001525878906,27.899999618530273,26.61666679382324,24.483333587646484,14,460,226
Icterus auratus,-89.80053,21.147617,1,2018,2119111890,"c(-89.80053, 21.147617)",6,65.95237731933594,34.70000076293945,27.433334350585938,25.5,23.316667556762695,18,336,254
Icterus auratus,-89.070625,19.564156,11,2017,2109801085,"c(-89.070625, 19.564156)",97,69.704437255859375,35.599998474121094,26.950000762939453,23.666667938232425,22.850000381469727,24,446,362
Icterus auratus,-88.173676,19.035563,6,2017,2082926120,"c(-88.173676, 19.035563)",17,72.76688385009766,33.29999923706055,27.049999237060547,25.200000762939453,23.766666412353516,39,555,470
Icterus auratus,-88.20321,19.156773,5,2017,2072360949,"c(-88.20321, 19.156773)",15,73.268402099609375,33.5,27.100000381469727,25.266666412353516,23.86666679382324,37,532,467
Icterus auratus,-89.296715,20.746513,5,2017,2071452700,"c(-89.296715, 20.746513)",16,67.35772705078125,36.099998474121094,27.11666679382324,23.850000381469727,23,21,484,378
Icterus auratus,-87.10284,21.406637,5,2017,2071441144,"c(-87.10284, 21.406637)",7,68.08943176269531,33,26.933334350585938,24.11666679382324,22.733333587646484,36,464,403
Icterus auratus,-90.48796,19.875338,5,2017,2066070466,"c(-90.48796, 19.875338)",0,65.772125244140625,35.5,27.983333587646484,25.933332443237305,23.850000381469727,16,604,409
Icterus auratus,-90.69754,19.662983,5,2017,2052949496,"c(-90.69754, 19.662983)",33,64.57170104980469,35.5,27.600000381469727,25.850000381469727,23.600000381469727,15,639,254
Icterus auratus,-88.53329,20.0372,5,2017,2052828510,"c(-88.53329, 20.0372)",32,70.10517883300781,36,27.36666679382324,23.33333396911621,23.33333396911621,24,503,391
Icterus auratus,-89.554634,18.616674,3,2017,2047445773,"c(-89.554634, 18.616674)",280,69.78609466552734,34.20000076293945,25.61666679382324,24.44999885559082,22.16666603088379,22,443,334
Icterus auratus,-88.61478,20.899195,11,2013,2029324125,"c(-88.61478, 20.899195)",27,69.94046783447266,35.400001525878906,27.100000381469727,23.816667556762695,23.11666679382324,33,581,456
Icterus auratus,-90.100116,18.434014,11,1910,1987466128,"c(-90.100116, 18.434014)",180,66.75127410888672,35.79999923706055,26.58333396911621,25.28333282470703,22.88333320617676,25,541,270
Icterus auratus,-92.5746729,18.5398472,9,1998,1895177410,"c(-92.5746729, 18.5398472)",-1,62.16355895996094,35,27.71666717529297,27.66666603088379,23.733333587646484,32,683,372
Icterus auratus,-88.923333,20.126667,4,1888,1895087362,"c(-88.923333, 20.126667)",38,68.81720733642578,36.599998474121094,27.21666717529297,23.899999618530273,23.083332061767575,27,534,418
Icterus auratus,-87.445854,20.177774,3,2008,1790830955,"c(-87.445854, 20.177774)",4,70.66441345214844,32.79999923706055,27.066665649414063,25.149999618530273,23.816665649414063,34,502,372
Icterus auratus,-89.41548,20.792528,9,2010,1789125257,"c(-89.41548, 20.792528)",15,67.159271240234375,35.900001525878906,27.049999237060547,25.299999237060547,22.933334350585938,23,490,247
Icterus auratus,-89.34264,20.648642,2,2010,1789019283,"c(-89.34264, 20.648642)",17,67.26475524902344,36.29999923706055,27.049999237060547,23.850000381469727,22.96666717529297,24,507,264
Icterus auratus,-87.71758,21.524658,12,2016,1779356212,"c(-87.71758, 21.524658)",3,70.64990234375,33.099998474121094,26.933332443237305,24.316665649414063,22.96666717529297,25,329,279
Icterus auratus,-89.46444,19.297104,1,2000,1772921083,"c(-89.46444, 19.297104)",145,68.308074951171875,35.400001525878906,26.816665649414063,23.58333396911621,22.666667938232425,16,425,334
Icterus auratus,-90.84364,17.885935,11,2016,1772884884,"c(-90.84364, 17.885935)",62,64.21820831298828,36.900001525878906,27.766666412353516,26.30000114440918,23.733333587646484,30,654,355
Icterus auratus,-90.944565,18.760956,6,2005,1772390688,"c(-90.944565, 18.760956)",32,64.6701431274414,36.29999923706055,27.63333320617676,25.983333587646484,23.549999237060547,21,736,304
Icterus auratus,-87.71442,20.82179,2,2016,1716728170,"c(-87.71442, 20.82179)",25,72.43243408203125,34.20000076293945,26.683334350585938,23.46666717529297,23.03333282470703,43,475,443
Icterus auratus,-88.81279,18.430832,1,2016,1715565766,"c(-88.81279, 18.430832)",122,72.30538177490234,32.70000076293945,26.36666679382324,24.21666717529297,22.41666603088379,22,477,477
Icterus auratus,-88.77,19.708333,6,1992,144677122,"c(-88.77, 19.708333)",58,69.95934295654297,35.900001525878906,27.233333587646484,23.78333282470703,23.066667556762695,31,511,411
Icterus auratus,-87.4681,19.97139,3,2005,1411541853,"c(-87.4681, 19.97139)",0,69.73380279541016,33,27.38333320617676,25.36666679382324,24.100000381469727,34,517,388
Icterus auratus,-88.18694,20.930668,12,2015,1403580445,"c(-88.18694, 20.930668)",22,71.391754150390625,35.099998474121094,27.233333587646484,23.75,23.149999618530273,37,573,466
Icterus auratus,-87.845955,20.581902,12,2015,1402371656,"c(-87.845955, 20.581902)",24,71.4220962524414,34.20000076293945,26.649999618530273,23.516666412353516,23.08333396911621,43,480,365
Icterus auratus,-86.95331,20.762695,2,2010,1388192206,"c(-86.95331, 20.762695)",2,64.205810546875,33.20000076293945,27.483333587646484,25.049999237060547,23.58333396911621,38,545,401
Icterus auratus,-89.67097,18.037748,6,2003,1382318976,"c(-89.67097, 18.037748)",291,68.8255615234375,34.79999923706055,26.11666679382324,24.683334350585938,22.46666717529297,30,573,408
Icterus auratus,-89.78169,19.498882,6,2015,1372760281,"c(-89.78169, 19.498882)",180,65.7317123413086,35.79999923706055,26.233333587646484,23.516666412353516,22.600000381469727,22,532,294
Icterus auratus,-90.2086,19.633356,5,2015,1372758024,"c(-90.2086, 19.633356)",60,64.17484283447266,36.599998474121094,27.516666412353516,25.91666603088379,23.416667938232425,24,605,293
Icterus auratus,-87.02607,20.68713,1,2015,1345426602,"c(-87.02607, 20.68713)",9,64.63964080810547,33.099998474121094,27.433332443237305,25.066665649414063,23.61666679382324,36,566,417
Icterus auratus,-88.78344,21.18358,4,1888,1291499594,"c(-88.78344, 21.18358)",7,69.914520263671875,35.400001525878906,27.13333320617676,25.333332061767575,23.21666717529297,27,535,407
Icterus auratus,-88.5965,20.518461,11,2005,1177134577,"c(-88.5965, 20.518461)",28,69.86863708496094,35.79999923706055,27.25,23.933332443237305,23.25,32,547,422
Icterus auratus,-87.68975,20.319553,5,2014,1175063690,"c(-87.68975, 20.319553)",25,71.10453033447266,33.20000076293945,26.683332443237305,24.5,23.08333396911621,40,497,397
Icterus auratus,-88.3754,21.354618,3,2014,1159317999,"c(-88.3754, 21.354618)",8,70.967742919921875,34.79999923706055,27.28333282470703,25.21666717529297,23.266666412353516,30,483,375
Icterus auratus,-88.56931,20.67633,1,2014,1149675841,"c(-88.56931, 20.67633)",34,70.14925384521484,35.70000076293945,27.21666717529297,23.916667938232425,23.25,30,559,433
