species,decimalLongitude,decimalLatitude,gbifID,month,year,geometry,elev,bio_03,bio_04,bio_07,bio_08,bio_09,bio_11,bio_14,bio_16,bio_18,cluster
Icterus auratus,-89.53102,21.175447,978570139,4,2013,"c(-89.53102, 21.175447)",7,65.97605895996094,196.80543518066406,18.099998474121094,27.266666412353516,25.383333206176758,23.149999618530273,21,349,267,3
Icterus auratus,-88.5691,20.676647,977425470,11,1996,"c(-88.5691, 20.676647)",34,70.14925384521484,187.09500122070313,20.100000381469727,27.21666717529297,23.916667938232422,23.25,30,559,433,2
Icterus auratus,-88.04036,21.560295,974704872,12,2013,"c(-88.04036, 21.560295)",6,71.19342041015625,178.69473266601563,16.19999885559082,26.966665267944336,24.799999237060547,23.21666717529297,21,321,278,3
Icterus auratus,-87.94688,19.626913,973871666,11,2013,"c(-87.94688, 19.626913)",16,70.17820739746094,169.61351013183594,15.89999771118164,27.233333587646484,25.133333206176758,23.75,38,529,441,5
Icterus auratus,-87.86916,18.138283,973221500,6,1994,"c(-87.86916, 18.138283)",8,64.6024398803711,152.71966552734375,10.900001525878906,26.766666412353516,25.866666793823242,24.46666717529297,29,573,384,5
Icterus auratus,-90.29965,20.98952,968101028,8,1994,"c(-90.29965, 20.98952)",3,69.37627410888672,179.91738891601563,16.30000114440918,27.866666793823242,25.66666603088379,23.866666793823242,9,334,243,3
Icterus auratus,-88.54706,19.171112,962433467,5,2006,"c(-88.54706, 19.171112)",24,73.904754638671875,159.35716247558594,17.500001907348633,26.850000381469727,25.33333396911621,23.66666603088379,30,451,353,5
Icterus auratus,-87.89337,21.550047,935983670,11,2012,"c(-87.89337, 21.550047)",4,71.55350494384766,184.48277282714844,16.19999885559082,26.96666717529297,24.616666793823242,23.08333396911621,25,322,279,3
Icterus auratus,-88.96656,20.63856,863440387,3,1925,"c(-88.96656, 20.63856)",27,68.39080047607422,195.347412109375,20.30000114440918,27.049999237060547,23.83333396911621,23.03333282470703,25,510,390,2
Icterus auratus,-87.016174,20.381155,829704375,3,2011,"c(-87.016174, 20.381155)",11,63.69948959350586,174.59640502929688,13.200000762939453,27.433334350585938,25.149999618530273,23.899999618530273,33,582,417,5
Icterus auratus,-89.00009,19.985207,829381853,10,2005,"c(-89.00009, 19.985207)",42,68.97081756591797,200.1060333251953,21.69999885559082,27.200000762939453,23.83333396911621,23.03333282470703,28,524,414,2
Icterus auratus,-87.7375,20.165545,590095524,3,2011,"c(-87.7375, 20.165545)",24,71.33534240722656,171.54983520507813,16.599998474121094,26.816665649414063,24.71666717529297,23.299999237060547,39,498,400,2
Icterus auratus,-90.12222,19.984964,588678328,12,2010,"c(-90.12222, 19.984964)",55,65.547271728515625,204.5740966796875,20.099998474121094,27.46666717529297,25.950000762939453,23.450000762939453,19,591,281,4
Icterus auratus,-87.395619,20.458334,5844002991,4,2025,"c(-87.395619, 20.458334)",6,68.85416412353516,180.64280700683594,16,26.91666603088379,24.616666793823242,23.200000762939453,41,526,401,2
Icterus auratus,-86.899729,20.850965,5837687439,9,2025,"c(-86.899729, 20.850965)",7,64.56954193115234,194.59161376953125,15.099998474121094,27.516666412353516,25,23.58333396911621,40,516,383,5
Icterus auratus,-87.420752,20.550122000000002,5759827636,11,2012,"c(-87.420752, 20.550122)",21,69.00406646728516,183.8827667236328,16.399999618530273,26.78333282470703,24.433332443237305,23.016666412353516,44,531,413,2
Icterus auratus,-91.91162,18.051283,5716022486,11,2020,"c(-91.91162, 18.051283)",3,63.259666442871094,209.17588806152344,18.100000381469727,27.66666603088379,26.483333587646484,23.899999618530273,41,795,349,4
Icterus auratus,-88.30664,21.008604,5716003049,1,2024,"c(-88.30664, 21.008604)",26,71.005157470703125,183.8245849609375,19.39999771118164,27.133333206176758,23.71666717529297,23.116666793823242,36,599,485,2
Icterus auratus,-89.60715,20.62413,5714767852,5,2015,"c(-89.60715, 20.62413)",16,67.29560089111328,205.50196838378906,21.19999885559082,27.100000381469727,25.516666412353516,23.049999237060547,24,538,265,3
Icterus auratus,-87.422005,20.941805,5714066937,8,2013,"c(-87.422005, 20.941805)",16,70.04631042480469,193.415771484375,17.999998092651367,26.71666717529297,24.200000762939453,22.71666717529297,45,557,459,2
Icterus auratus,-89.585045,20.968843,5711552475,4,2018,"c(-89.585045, 20.968843)",11,68.427825927734375,193.72496032714844,19.400001525878906,27.733333587646484,25.933334350585938,23.75,23,454,354,3
Icterus auratus,-90.37575,19.722431,5710914126,6,2019,"c(-90.37575, 19.722431)",20,64.46700286865234,210.53863525390625,19.700000762939453,27.71666717529297,26.049999237060547,23.58333396911621,19,638,274,4
Icterus auratus,-87.028114,20.687256,5710329003,5,2015,"c(-87.028114, 20.687256)",9,64.63964080810547,191.41616821289063,14.799999237060547,27.433332443237305,25.066665649414063,23.616666793823242,36,566,417,5
Icterus auratus,-89.552475,21.306982,5708717064,12,2024,"c(-89.552475, 21.306982)",2,65.75269317626953,188.31137084960938,15.499998092651367,27.08333396911621,25.16666603088379,23.299999237060547,20,302,217,3
Icterus auratus,-86.96919,20.476680000000002,5699912762,1,2024,"c(-86.96919, 20.47668)",6,62.59541702270508,179.41192626953125,13.100000381469727,27.600000381469727,25.266666412353516,23.983333587646484,33,598,428,5
Icterus auratus,-89.74814,20.692623,5699671443,5,2019,"c(-89.74814, 20.692623)",11,67.56097412109375,198.8470458984375,20.5,27.200000762939453,25.683332443237305,23.266666412353516,23,535,260,3
Icterus auratus,-87.03606,21.009216,5699206908,6,2022,"c(-87.03606, 21.009216)",18,66.06060791015625,203.89761352539063,16.5,27.100000381469727,24.399999618530273,22.899999618530273,42,511,405,2
Icterus auratus,-88.30458,19.926323,5695730285,3,2017,"c(-88.30458, 19.926323)",28,70.8987808227539,180.11517333984375,19.099998474121094,26.950000762939453,25.116666793823242,23.433334350585938,34,499,384,2
Icterus auratus,-88.26631,20.608547,5695719579,6,2024,"c(-88.26631, 20.608547)",26,70.77052307128906,184.18739318847656,19.899999618530273,27.316665649414063,23.899999618530273,23.33333396911621,32,528,416,2
Icterus auratus,-88.33453,20.310635,5689860221,10,2024,"c(-88.33453, 20.310635)",32,70.85426330566406,182.9410400390625,19.900001525878906,27.299999237060547,23.883333206176758,23.316665649414063,34,523,400,2
Icterus auratus,-90.25967,20.852379,5687098908,6,2021,"c(-90.25967, 20.852379)",4,70.28571319580078,178.95953369140625,17.5,27.816665649414063,25.883333206176758,23.933334350585938,10,379,282,3
Icterus auratus,-86.80038,21.147558,5686467188,3,2024,"c(-86.80038, 21.147558)",1,66.1358871459961,196.4051971435547,15.69999885559082,27.883333206176758,25.133333206176758,23.83333396911621,38,499,395,5
Icterus auratus,-88.23345,19.001797,5681672450,12,2016,"c(-88.23345, 19.001797)",12,72.06195831298828,155.74539184570313,15.60000228881836,27.016666412353516,25.25,23.766666412353516,37,540,471,5
Icterus auratus,-88.1691,19.169348,5680993752,12,2024,"c(-88.1691, 19.169348)",12,73.268402099609375,157.1454620361328,15.399999618530273,27.100000381469727,25.233333587646484,23.83333396911621,39,531,468,5
Icterus auratus,-88.03,20.418648,5678058876,5,2024,"c(-88.03, 20.418648)",23,71.18055725097656,181.10768127441406,19.19999885559082,26.75,24.883333206176758,23.233333587646484,40,496,378,2
Icterus auratus,-90.51413,19.753605,5676819867,9,2021,"c(-90.51413, 19.753605)",13,64.71353912353516,207.83651733398438,19.19999885559082,27.816665649414063,26.183334350585938,23.733333587646484,17,634,262,4
Icterus auratus,-90.228714,19.596762,5676536387,1,2017,"c(-90.228714, 19.596762)",29,64.0625,214.2441864013672,20.799999237060547,27.71666717529297,26.149999618530273,23.600000381469727,23,611,294,4
Icterus auratus,-87.435425,21.357,5675064157,10,2017,"c(-87.435425, 21.357)",11,69.72222137451172,197.86166381835938,17.999998092651367,27.016666412353516,23.833332061767578,22.41666603088379,35,489,447,2
Icterus auratus,-87.91041,20.590256,5674260094,1,2014,"c(-87.91041, 20.590256)",25,71.42857360839844,181.60894775390625,18.89999771118164,26.71666717529297,24.78333282470703,23.183334350585938,42,477,371,2
Icterus auratus,-87.63313,19.870532999999998,5674252945,6,2015,"c(-87.63313, 19.870533)",8,70.53377532958984,165.6547088623047,15.299999237060547,27.16666603088379,25.100000381469727,23.75,38,514,401,5
Icterus auratus,-88.81287,20.800646,5670643521,7,2016,"c(-88.81287, 20.800646)",25,69.3452377319336,190.41969299316406,19.600000381469727,27.049999237060547,23.799999237060547,23.066667556762695,24,522,394,2
Icterus auratus,-86.84806,21.233755,5667535802,10,2024,"c(-86.84806, 21.233755)",1,65.331207275390625,200.4478759765625,15.599998474121094,27.433334350585938,24.71666717529297,23.299999237060547,38,491,398,2
Icterus auratus,-87.33918,21.559175,5663389650,1,2009,"c(-87.33918, 21.559175)",1,68.01947784423828,188.1624755859375,15.399999618530273,26.983333587646484,24.100000381469727,22.933334350585938,29,414,368,2
Icterus auratus,-89.93975,20.942171,5660038128,5,2021,"c(-89.93975, 20.942171)",7,68.09268951416016,188.99856567382813,18.700000762939453,27.5,25.83333396911621,23.600000381469727,18,435,323,3
Icterus auratus,-90.63848,19.191269,5653505074,5,2024,"c(-90.63848, 19.191269)",12,64.01909637451172,212.96026611328125,19.19999885559082,27.516666412353516,25.799999237060547,23.316667556762695,19,695,269,4
Icterus auratus,-87.67454,21.1223,5650629567,3,2020,"c(-87.67454, 21.1223)",16,71.07329559326172,188.6570587158203,19.10000228881836,27.116666793823242,24.399999618530273,22.78333282470703,40,479,447,2
Icterus auratus,-89.82286,21.251038,5649727590,4,2024,"c(-89.82286, 21.251038)",2,66.39253997802734,186.08560180664063,15.200000762939453,27.183334350585938,25.233333587646484,23.41666603088379,16,293,211,3
Icterus auratus,-90.22367,19.767757,5643040817,2,2024,"c(-90.22367, 19.767757)",22,64.34959411621094,213.90444946289063,20.5,27.75,26.149999618530273,23.600000381469727,20,602,274,4
Icterus auratus,-87.215996,20.616772,5637882682,1,2005,"c(-87.215996, 20.616772)",24,66.1324691772461,187.92327880859375,15.60000228881836,27.016666412353516,24.633333206176758,23.200000762939453,40,557,421,2
Icterus auratus,-89.953224,20.56184,5636951401,5,2024,"c(-89.953224, 20.56184)",43,68.946929931640625,190.69796752929688,20.100000381469727,27.233333587646484,25.75,23.433334350585938,21,526,277,3
Icterus auratus,-88.47706,18.499718,5636937270,1,2024,"c(-88.47706, 18.499718)",15,69.60784149169922,166.75828552246094,15.299999237060547,27.366666793823242,25.21666717529297,23.450000762939453,23,477,477,5
Icterus auratus,-87.57482,20.345404,5621650099,7,2024,"c(-87.57482, 20.345404)",21,70.57926940917969,175.90191650390625,16.399999618530273,26.733333587646484,24.516666412353516,23.116666793823242,41,499,388,2
Icterus auratus,-88.56188,19.390064,5620133212,1,2024,"c(-88.56188, 19.390064)",26,72.05615997314453,174.0314178466797,18.399999618530273,26.866666793823242,25.21666717529297,23.41666603088379,31,492,374,2
Icterus auratus,-88.32094,21.348877,5614776911,7,2024,"c(-88.32094, 21.348877)",9,71.03387451171875,183.7735595703125,18.69999885559082,27.28333282470703,25.183334350585938,23.233333587646484,32,489,380,2
Icterus auratus,-87.856186,18.271029,5613339370,11,2024,"c(-87.856186, 18.271029)",4,65.24024200439453,152.90309143066406,11.100000381469727,26.78333282470703,25.850000381469727,24.483333587646484,21,624,414,5
Icterus auratus,-88.63452,21.368711,5612811198,1,2019,"c(-88.63452, 21.368711)",5,70.67567443847656,182.7457733154297,18.5,27.16666603088379,25.133333206176758,23.183334350585938,25,444,350,3
Icterus auratus,-90.104706,20.239384,5612214473,6,2020,"c(-90.104706, 20.239384)",10,67.75544738769531,191.98721313476563,19.899999618530273,27.66666603088379,26.21666717529297,23.883333206176758,20,553,275,4
Icterus auratus,-88.844864,20.53945,5608489962,5,2024,"c(-88.844864, 20.53945)",28,69.2152099609375,194.18972778320313,20.599998474121094,27.149999618530273,23.899999618530273,23.133333206176758,29,532,408,2
Icterus auratus,-88.65751,20.594501,5601205835,12,2024,"c(-88.65751, 20.594501)",28,70.08332824707031,188.28170776367188,20,27.21666717529297,23.91666603088379,23.21666717529297,30,547,421,2
Icterus auratus,-87.75977,21.43489,5600979990,12,2021,"c(-87.75977, 21.43489)",7,71.30149841308594,189.2504425048828,17.80000114440918,26.799999237060547,24.399999618530273,22.850000381469727,29,346,311,2
Icterus auratus,-88.00922,20.661266,5597663315,2,2011,"c(-88.00922, 20.661266)",23,71.5025863647461,182.8540496826172,19.299999237060547,27.350000381469727,23.799999237060547,23.299999237060547,37,484,385,2
Icterus auratus,-90.602684,19.793184,5595294203,1,2018,"c(-90.602684, 19.793184)",18,64.91712188720703,201.40228271484375,18.100000381469727,27.78333282470703,26.016666412353516,23.733333587646484,15,612,251,4
Icterus auratus,-89.76224,21.13233,5589326425,6,2019,"c(-89.76224, 21.13233)",6,65.82867431640625,195.53346252441406,17.900001525878906,27.350000381469727,25.516666412353516,23.266666412353516,19,353,268,3
Icterus auratus,-88.43552,20.793173,5588416892,6,2018,"c(-88.43552, 20.793173)",32,70.64102935791016,185.45347595214844,19.5,27.183334350585938,23.816667556762695,23.183332443237305,33,575,455,2
Icterus auratus,-88.07404,21.370165,5584076049,4,2024,"c(-88.07404, 21.370165)",10,71.54255676269531,181.75282287597656,18.799999237060547,27.33333396911621,25.049999237060547,23.25,31,433,343,2
Icterus auratus,-88.59362,19.497179,5578087401,1,2017,"c(-88.59362, 19.497179)",30,71.25221252441406,179.6629638671875,18.89999771118164,26.833332061767578,25.183334350585938,23.33333396911621,32,485,377,2
Icterus auratus,-87.57079,21.164263,5575725728,1,2024,"c(-87.57079, 21.164263)",12,70.22570037841797,191.0655975341797,19.19999885559082,26.566665649414063,24.21666717529297,22.616666793823242,41,498,445,2
Icterus auratus,-89.17713,20.857388,5574058783,8,2024,"c(-89.17713, 20.857388)",17,67.61083221435547,201.1722412109375,20.30000114440918,27.116666793823242,25.299999237060547,22.983333587646484,20,471,361,3
Icterus auratus,-87.30444,20.408972,5572539192,2,2023,"c(-87.30444, 20.408972)",3,67.66666412353516,174.22340393066406,15.000001907348633,27.116666793823242,24.96666717529297,23.600000381469727,36,540,401,5
Icterus auratus,-89.06989,18.11049,5572448510,7,2017,"c(-89.06989, 18.11049)",137,73.41712951660156,167.93475341796875,17.900001525878906,26.16666603088379,24.383333206176758,22.649999618530273,30,568,436,2
Icterus auratus,-87.49018,20.814186,5567311963,3,2024,"c(-87.49018, 20.814186)",22,70.41199493408203,188.45465087890625,17.799999237060547,26.666667938232422,24.350000381469727,22.83333396911621,44,551,458,2
Icterus auratus,-89.62904,21.154066,5566169542,6,2024,"c(-89.62904, 21.154066)",6,65.97222137451172,195.279052734375,18.000001907348633,27.28333282470703,25.483333587646484,23.233333587646484,21,354,269,3
Icterus auratus,-90.454056,20.699154,5564574772,12,2010,"c(-90.454056, 20.699154)",1,71.14582824707031,170.15145874023438,16,27.866666793823242,25.600000381469727,24.03333282470703,8,423,311,3
Icterus auratus,-89.87276,21.038965,5564558643,8,2024,"c(-89.87276, 21.038965)",5,66.71220397949219,193.53717041015625,18.299999237060547,27.399999618530273,25.633333206176758,23.383333206176758,18,387,290,3
Icterus auratus,-87.33611,21.42778,5535173969,3,2016,"c(-87.33611, 21.42778)",1,69.42829132080078,194.38861083984375,17.200000762939453,27.28333282470703,24.08333396911621,22.733333587646484,33,453,413,2
Icterus auratus,-89.89499,20.67082,5533150624,9,2024,"c(-89.89499, 20.67082)",11,68.58333587646484,191.0001220703125,19.999998092651367,27.366666793823242,25.816665649414063,23.516666412353516,22,520,264,3
Icterus auratus,-87.656,20.427307,5529915843,12,2020,"c(-87.656, 20.427307)",25,70.857696533203125,179.4625701904297,17.100000381469727,26.600000381469727,24.399999618530273,22.933334350585938,42,502,402,2
Icterus auratus,-86.84454,20.938356,5528034788,2,2024,"c(-86.84454, 20.938356)",2,64.2384033203125,196.23733520507813,15.10000228881836,27.63333511352539,25.03333282470703,23.649999618530273,40,513,386,5
Icterus auratus,-87.8465,21.1173,5526428046,1,2015,"c(-87.8465, 21.1173)",17,71.68412780761719,183.58126831054688,19.099998474121094,27.149999618530273,23.483333587646484,22.983333587646484,38,460,380,2
Icterus auratus,-88.09009,20.967875,5526064053,3,2024,"c(-88.09009, 20.967875)",22,71.89118957519531,183.12265014648438,19.299999237060547,27.233333587646484,23.71666717529297,23.16666603088379,39,541,444,2
Icterus auratus,-87.023445,20.837942,5524669510,5,2024,"c(-87.023445, 20.837942)",9,64.34598541259766,199.6341552734375,15.80000114440918,27.28333282470703,24.633333206176758,23.200000762939453,42,532,402,2
Icterus auratus,-89.23683,21.054268,5515020440,4,2024,"c(-89.23683, 21.054268)",10,67.26190185546875,201.29507446289063,19.600000381469727,27.183334350585938,25.366666793823242,23.03333282470703,20,427,327,3
Icterus auratus,-90.21835,20.363297,5514175654,2,2007,"c(-90.21835, 20.363297)",6,69.18802642822266,179.4705047607422,19.500001907348633,27.766666412353516,26.450000762939453,24.233333587646484,16,509,249,3
Icterus auratus,-88.478096,18.229753,5509370538,5,2021,"c(-88.478096, 18.229753)",9,68.3226547241211,174.0879669189453,15.599998474121094,27.483333587646484,25.299999237060547,23.483333587646484,27,555,492,5
Icterus auratus,-89.000244,18.338884,5505906815,9,2016,"c(-89.000244, 18.338884)",124,72.77462005615234,167.12986755371094,17.60000228881836,26.41666603088379,24.350000381469727,22.516666412353516,27,503,503,2
Icterus auratus,-88.83592,18.468668,5497978463,3,2024,"c(-88.83592, 18.468668)",101,71.92982482910156,164.36517333984375,17.100000381469727,26.46666717529297,24.399999618530273,22.53333282470703,20,456,456,2
Icterus auratus,-90.09912,20.742002,5497825370,4,2024,"c(-90.09912, 20.742002)",7,70.78853607177734,174.6490020751953,18.599998474121094,27.58333396911621,26.116666793823242,23.983333587646484,14,437,216,3
Icterus auratus,-90.03736,20.324217,5479517174,12,2021,"c(-90.03736, 20.324217)",28,67.857147216796875,193.98287963867188,20.299999237060547,27.5,26.049999237060547,23.683334350585938,20,538,276,3
Icterus auratus,-87.60888,21.3616,5477822969,11,2018,"c(-87.60888, 21.3616)",13,70.716949462890625,190.86473083496094,17.89999771118164,26.549999237060547,24.05000114440918,22.53333282470703,33,406,373,2
Icterus auratus,-89.46098,20.875195,5477160691,2,2022,"c(-89.46098, 20.875195)",17,66.41914367675781,203.46807861328125,20.200000762939453,27.100000381469727,25.416667938232422,23,23,481,240,3
Icterus auratus,-86.81187,21.025438,5471139558,3,2020,"c(-86.81187, 21.025438)",5,63.44444274902344,198.22317504882813,15.000001907348633,27.683334350585938,24.950000762939453,23.633333206176758,39,508,391,5
Icterus auratus,-89.735,20.989021,5469847883,4,2024,"c(-89.735, 20.989021)",10,66.35638427734375,195.0228271484375,18.80000114440918,27.233333587646484,25.58333396911621,23.28333282470703,21,452,219,3
Icterus auratus,-87.663605,20.594664,5464800708,1,2024,"c(-87.663605, 20.594664)",20,71.52381134033203,182.1837615966797,17.5,26.616666793823242,24.399999618530273,22.933332443237305,44,501,421,2
Icterus auratus,-89.97602,21.10288,5461654221,5,2024,"c(-89.97602, 21.10288)",4,67.34893035888672,189.98007202148438,17.099998474121094,27.616666793823242,25.566665649414063,23.5,14,317,238,3
Icterus auratus,-87.88788,18.771114,5459587072,1,2015,"c(-87.88788, 18.771114)",1,69.80769348144531,151.61441040039063,13,26.816665649414063,25.66666603088379,24.383333206176758,32,555,436,5
Icterus auratus,-90.194496,20.782654,5442323857,12,2024,"c(-90.194496, 20.782654)",5,70.67395782470703,172.18295288085938,18.299999237060547,27.733333587646484,26.19999885559082,24.16666603088379,12,400,306,3
Icterus auratus,-87.63576,20.875832,5434824716,3,2011,"c(-87.63576, 20.875832)",22,71.63978576660156,186.61404418945313,18.599998474121094,26.700000762939453,24.46666717529297,22.91666603088379,43,504,456,2
Icterus auratus,-89.397766,21.080505,5433874564,2,2024,"c(-89.397766, 21.080505)",10,67.10297393798828,200.24981689453125,19.099998474121094,27.21666717529297,25.383333206176758,23.08333396911621,21,407,312,3
Icterus auratus,-89.71183,20.594984,5430152920,5,2024,"c(-89.71183, 20.594984)",14,67.38094329833984,205.88319396972656,21.000001907348633,27.133333206176758,25.483333587646484,23.016666412353516,24,547,270,3
Icterus auratus,-87.87923,21.402071,5418632742,3,2019,"c(-87.87923, 21.402071)",9,70.51970672607422,187.2205352783203,18.60000228881836,26.71666717529297,24.69999885559082,22.96666717529297,31,357,293,3
Icterus auratus,-87.26365,21.012583,5417116023,6,2024,"c(-87.26365, 21.012583)",15,69.01341247558594,198.80462646484375,17.399999618530273,26.850000381469727,24.21666717529297,22.733333587646484,43,536,437,2
Icterus auratus,-87.47575,21.102451,5416574736,3,2017,"c(-87.47575, 21.102451)",13,70.04386901855469,194.0765838623047,18.999998092651367,26.58333396911621,24.100000381469727,22.549999237060547,43,544,455,2
Icterus auratus,-88.234215,21.413143,5411232215,1,2016,"c(-88.234215, 21.413143)",7,71.12932586669922,180.94447326660156,18.299999237060547,27.316665649414063,25.16666603088379,23.28333282470703,27,446,343,3
Icterus auratus,-88.16381,21.328188,5406571967,2,2024,"c(-88.16381, 21.328188)",11,71.3107681274414,183.5688934326172,19.19999885559082,27.33333396911621,25.133333206176758,23.266666412353516,34,494,385,2
Icterus auratus,-89.03126,21.28115,5398226746,5,2024,"c(-89.03126, 21.28115)",4,69.25438690185547,188.56063842773438,19,27.100000381469727,25.233333587646484,23.100000381469727,19,375,295,3
Icterus auratus,-90.41323,20.088066,5396959089,6,1999,"c(-90.41323, 20.088066)",6,66.53153228759766,196.47413635253906,18.5,27.933334350585938,26.016666412353516,23.850000381469727,16,565,398,4
Icterus auratus,-87.64328,21.456984,5395797675,2,2016,"c(-87.64328, 21.456984)",8,70.279388427734375,188.79351806640625,17.299999237060547,26.766666412353516,24.21666717529297,22.78333282470703,29,360,318,2
Icterus auratus,-88.06101,21.120794,5381329269,4,2013,"c(-88.06101, 21.120794)",23,71.367523193359375,187.10516357421875,19.5,27.266666412353516,23.649999618530273,23.083332061767578,38,517,428,2
Icterus auratus,-89.300285,20.947367,5367324039,12,2024,"c(-89.300285, 20.947367)",16,66.877105712890625,203.39308166503906,19.799999237060547,27.049999237060547,25.299999237060547,22.91666603088379,20,453,234,3
Icterus auratus,-88.16082,21.097563,5363273725,2,2024,"c(-88.16082, 21.097563)",23,71.34880065917969,185.35133361816406,19.399999618530273,27.21666717529297,23.683332443237305,23.100000381469727,39,574,471,2
Icterus auratus,-88.56082,18.933493,5360366826,2,2024,"c(-88.56082, 18.933493)",32,73.2723617553711,159.44508361816406,16.399999618530273,26.616666793823242,24.983333587646484,23.299999237060547,20,424,393,2
Icterus auratus,-90.868095,18.615746,5356604501,1,2024,"c(-90.868095, 18.615746)",53,64.74037170410156,210.75442504882813,19.899999618530273,27.616666793823242,26.16666603088379,23.600000381469727,22,714,308,4
Icterus auratus,-87.74599,20.800493,5339307284,6,2021,"c(-87.74599, 20.800493)",22,72.31182861328125,181.6777801513672,18.599998474121094,27.266666412353516,23.58333396911621,23.133333206176758,43,464,438,2
Icterus auratus,-88.468765,21.173319,5334745355,6,2024,"c(-88.468765, 21.173319)",12,71.1139907836914,176.04396057128906,19.299999237060547,27.149999618530273,25.33333396911621,23.399999618530273,36,572,458,2
Icterus auratus,-87.49723,20.290648,5313092884,2,2024,"c(-87.49723, 20.290648)",19,70.382171630859375,169.44876098632813,15.69999885559082,26.799999237060547,24.733333587646484,23.316665649414063,39,496,377,2
Icterus auratus,-90.39653,19.407722,5303566586,4,2024,"c(-90.39653, 19.407722)",16,63.75000762939453,215.34854125976563,19.999998092651367,27.633333206176758,25.96666717529297,23.450000762939453,19,678,287,4
Icterus auratus,-87.15717,20.964302,5300451572,7,2024,"c(-87.15717, 20.964302)",9,67.013885498046875,200.1150360107422,16.80000114440918,26.983333587646484,24.366666793823242,22.883333206176758,42,527,421,2
Icterus auratus,-87.45529,20.184584,5296724089,3,2000,"c(-87.45529, 20.184584)",12,70.74944305419922,159.76483154296875,14.899999618530273,27,25.08333396911621,23.733333587646484,35,500,372,5
Icterus auratus,-88.407278,20.606778,5281908379,2,2023,"c(-88.407278, 20.606778)",32,70.6448974609375,186.28494262695313,19.899999618530273,27.25,23.850000381469727,23.233333587646484,32,549,428,2
Icterus auratus,-87.165253,20.703119,5216188646,5,2025,"c(-87.165253, 20.703119)",16,66.18895721435547,193.0040740966797,15.700000762939453,27.08333396911621,24.600000381469727,23.149999618530273,41,555,421,2
Icterus auratus,-87.681976,21.001025,5168006926,4,2025,"c(-87.681976, 21.001025)",20,71.99821472167969,183.30455017089844,18.599998474121094,27.100000381469727,23.299999237060547,22.866666793823242,40,502,467,2
Icterus auratus,-88.13745,20.400127,5141118767,4,2025,"c(-88.13745, 20.400127)",32,71.44097137451172,179.19432067871094,19.200000762939453,26.733333587646484,23.78333282470703,23.28333282470703,37,504,388,2
Icterus auratus,-88.152757,20.490875,5133108638,4,2025,"c(-88.152757, 20.490875)",31,71.34880065917969,182.0230255126953,19.399999618530273,27.28333282470703,23.799999237060547,23.266666412353516,37,506,395,2
Icterus auratus,-88.960175,20.861153,5108529583,3,2025,"c(-88.960175, 20.861153)",17,68.36650085449219,196.8978271484375,20.10000228881836,27.08333396911621,25.350000381469727,23.066667556762695,21,490,365,3
Icterus auratus,-90.089572,20.608227,5063759318,1,2025,"c(-90.089572, 20.608227)",9,70.8767318725586,175.4663848876953,19.200000762939453,27.616666793823242,26.200000762939453,24.066665649414063,15,468,243,3
Icterus auratus,-87.756607,19.90847,4956788292,8,2024,"c(-87.756607, 19.90847)",3,70.552154541015625,169.6498260498047,16.299999237060547,27.149999618530273,25.066665649414063,23.683334350585938,39,510,408,5
Icterus auratus,-87.651229,20.074931,4953180600,9,2024,"c(-87.651229, 20.074931)",16,70.886077880859375,168.5072479248047,15.799999237060547,26.96666717529297,24.883333206176758,23.516666412353516,38,502,393,5
Icterus auratus,-87.728441,21.229413,4851730105,4,2023,"c(-87.728441, 21.229413)",14,71.07329559326172,187.45249938964844,19.100000381469727,27.11666488647461,24.450000762939453,22.83333396911621,36,430,353,2
Icterus auratus,-88.75811,19.276339,4842132680,10,2023,"c(-88.75811, 19.276339)",74,72.40437316894531,170.5539093017578,18.299999237060547,27.016666412353516,25.05000114440918,23.183332443237305,24,429,345,3
Icterus auratus,-87.85459,18.89773,4842027220,12,2023,"c(-87.85459, 18.89773)",4,70.55961608886719,154.43934631347656,13.69999885559082,26.600000381469727,25.516666412353516,24.183334350585938,35,558,438,5
Icterus auratus,-87.12139,20.591425,4839200870,12,2023,"c(-87.12139, 20.591425)",12,64.597320556640625,187.0884246826172,14.899999618530273,27.333332061767578,25.03333282470703,23.58333396911621,35,573,422,5
Icterus auratus,-89.07507,20.043913,4833765627,12,2022,"c(-89.07507, 20.043913)",72,69.15888214111328,198.41416931152344,21.399999618530273,27,23.649999618530273,22.866666793823242,26,523,412,2
Icterus auratus,-88.25146,21.508018,4826906403,12,2023,"c(-88.25146, 21.508018)",4,71.36627960205078,177.4242401123047,17.200000762939453,26.933334350585938,25.100000381469727,23.33333396911621,21,377,286,3
Icterus auratus,-89.94996,21.199238,4823846782,12,2023,"c(-89.94996, 21.199238)",1,66.82795715332031,187.07630920410156,15.5,27.21666717529297,25.28333282470703,23.433332443237305,14,285,211,3
Icterus auratus,-88.284325,21.244473,4820399050,1,2023,"c(-88.284325, 21.244473)",13,70.703125,186.44346618652344,19.19999885559082,27.233333587646484,25.08333396911621,23.149999618530273,35,542,429,2
Icterus auratus,-90.27197,18.634598,4812125238,7,2023,"c(-90.27197, 18.634598)",64,65.5887222290039,211.99627685546875,20.100000381469727,27.133333206176758,24.33333396911621,23.483333587646484,21,598,274,4
Icterus auratus,-87.79175,18.625425,4804844226,1,2023,"c(-87.79175, 18.625425)",7,68.14515686035156,153.6944122314453,12.400001525878906,26.71666717529297,25.78333282470703,24.366666793823242,29,577,423,5
Icterus auratus,-89.86775,20.758156,4798904076,3,2023,"c(-89.86775, 20.758156)",12,68.579925537109375,191.07899475097656,19.60000228881836,27.316667556762695,25.75,23.450000762939453,22,509,251,3
Icterus auratus,-88.23001,18.593857,4790508892,9,2023,"c(-88.23001, 18.593857)",6,67.84825134277344,162.22122192382813,13.400001525878906,27.350000381469727,25.58333396911621,23.983333587646484,25,484,457,5
Icterus auratus,-90.39876,20.848684,4784758668,7,2023,"c(-90.39876, 20.848684)",1,70.51688385009766,173.32913208007813,15.799999237060547,27.96666717529297,25.766666412353516,24.066667556762695,8,381,273,3
Icterus auratus,-90.01437,20.438253,4773823693,6,2023,"c(-90.01437, 20.438253)",25,68.75000762939453,193.28887939453125,19.999998092651367,27.36666488647461,25.816665649414063,23.46666717529297,20,524,273,3
Icterus auratus,-88.16584,18.925327,4772039117,9,2004,"c(-88.16584, 18.925327)",5,72.43150329589844,152.54592895507813,14.600000381469727,27.183334350585938,25.316667556762695,23.933334350585938,38,519,451,5
Icterus auratus,-89.11738,21.356756,4770714147,1,2023,"c(-89.11738, 21.356756)",0,70.1388931274414,182.51815795898438,16.799999237060547,27.33333396911621,25.049999237060547,23.233333587646484,16,333,262,3
Icterus auratus,-87.58147,19.081087,4744761193,12,2023,"c(-87.58147, 19.081087)",10,69.642852783203125,151.5844268798828,12.600000381469727,26.700000762939453,25.600000381469727,24.366666793823242,34,572,424,5
Icterus auratus,-88.9178,19.85503,4729214097,4,2023,"c(-88.9178, 19.85503)",43,69.31644439697266,199.53875732421875,21.69999885559082,27.28333282470703,23.899999618530273,23.100000381469727,29,523,419,2
Icterus auratus,-89.88198,20.485258,4725472292,10,2023,"c(-89.88198, 20.485258)",34,67.71845245361328,200.28768920898438,20.599998474121094,27.183334350585938,24.016666412353516,23.183332443237305,23,540,282,3
Icterus auratus,-87.55261,20.165983,4724231708,3,2023,"c(-87.55261, 20.165983)",2,70.80644989013672,164.18478393554688,15.500001907348633,26.96666717529297,24.96666717529297,23.600000381469727,38,494,378,5
Icterus auratus,-87.951164,20.799763,4713067283,3,2023,"c(-87.951164, 20.799763)",21,72.56944274902344,179.5511932373047,19.200000762939453,27.366666793823242,23.866666793823242,23.366666793823242,38,462,378,2
Icterus auratus,-89.74153,20.789938,4712929427,4,2023,"c(-89.74153, 20.789938)",14,67.375,198.1213836669922,20,27.21666717529297,25.600000381469727,23.233333587646484,23,519,250,3
Icterus auratus,-86.72704,21.21969,4701197887,7,2023,"c(-86.72704, 21.21969)",5,63.1796760559082,187.3676300048828,14.099998474121094,27.516666412353516,24.71666717529297,23.600000381469727,37,495,398,5
Icterus auratus,-89.32111,20.74336,4698944239,2,2023,"c(-89.32111, 20.74336)",18,67.31707763671875,202.83592224121094,20.499998092651367,27.083332061767578,23.83333396911621,22.983333587646484,21,485,379,2
Icterus auratus,-88.40558,18.657244,4671268020,7,2023,"c(-88.40558, 18.657244)",3,70.14839935302734,162.85044860839844,14.600000381469727,27.383333206176758,25.183332443237305,23.53333282470703,26,426,422,5
Icterus auratus,-90.319786,19.026741,4666624624,2,2023,"c(-90.319786, 19.026741)",48,64.460784912109375,219.343017578125,20.399999618530273,27.483333587646484,25.78333282470703,23.183334350585938,18,620,269,4
Icterus auratus,-88.395966,18.095745,4655511622,4,2023,"c(-88.395966, 18.095745)",24,67.99516296386719,167.52658081054688,13.80000114440918,27.049999237060547,25.183334350585938,23.53333282470703,33,580,558,5
Icterus auratus,-88.22438,17.513975,4643254365,3,2023,"c(-88.22438, 17.513975)",4,63.30531311035156,157.69650268554688,11.900001525878906,27.299999237060547,25.700000762939453,24.149999618530273,46,663,558,5
Icterus auratus,-86.9408,20.937183,4618986764,9,2023,"c(-86.9408, 20.937183)",8,63.83647155761719,201.19903564453125,15.900001525878906,27.383333206176758,24.71666717529297,23.266666412353516,44,512,391,2
Icterus auratus,-88.54455,20.828299,4609246186,7,2023,"c(-88.54455, 20.828299)",28,70.07575988769531,190.25254821777344,19.799999237060547,27.21666717529297,23.83333396911621,23.149999618530273,32,578,454,2
Icterus auratus,-88.413475,21.374722,4368556024,10,2018,"c(-88.413475, 21.374722)",7,70.721923828125,182.72503662109375,18.700000762939453,27.28333282470703,25.266666412353516,23.30000114440918,29,473,367,2
Icterus auratus,-87.433304,21.210438,4366223552,5,2022,"c(-87.433304, 21.210438)",16,69.79166412353516,196.33526611328125,18.400001525878906,26.549999237060547,23.91666603088379,22.433334350585938,39,513,455,2
Icterus auratus,-90.65465,18.7852,4360840647,3,2022,"c(-90.65465, 18.7852)",76,64.49829864501953,215.60125732421875,19.600000381469727,27.350000381469727,25.71666717529297,23.149999618530273,20,685,288,4
Icterus auratus,-87.73745,21.525213,4360236625,7,2022,"c(-87.73745, 21.525213)",2,70.063690185546875,187.46311950683594,15.700000762939453,26.94999885559082,24.266666412353516,22.94999885559082,25,327,278,3
Icterus auratus,-88.19902,18.209017,4351785947,6,2022,"c(-88.19902, 18.209017)",11,65.67459869384766,160.36122131347656,12.600000381469727,27.41666603088379,25.566665649414063,24.03333282470703,29,555,496,5
Icterus auratus,-87.907074,18.026096,4351661211,11,2022,"c(-87.907074, 18.026096)",7,63.22629928588867,152.12322998046875,10.899999618530273,26.950000762939453,26,24.616666793823242,34,566,403,5
Icterus auratus,-87.6402,18.891768,4347868900,12,2022,"c(-87.6402, 18.891768)",2,69.220428466796875,149.37747192382813,12.399999618530273,26.816665649414063,25.75,24.5,32,581,423,5
Icterus auratus,-89.132904,20.942081,4337385287,9,2022,"c(-89.132904, 20.942081)",12,67.74461364746094,199.9185333251953,20.099998474121094,27.133331298828125,25.350000381469727,23.03333282470703,20,463,352,3
Icterus auratus,-87.81085,20.00195,4330309570,1,2020,"c(-87.81085, 20.00195)",10,70.6087875366211,170.63328552246094,16.69999885559082,27.016666412353516,24.983333587646484,23.53333282470703,39,504,410,5
Icterus auratus,-86.945076,21.255795,4329627826,10,2022,"c(-86.945076, 21.255795)",11,66.20934295654297,208.38621520996094,16.400001525878906,27.116666793823242,24.299999237060547,22.83333396911621,40,485,403,2
Icterus auratus,-88.47099,18.403303,4323298589,5,2022,"c(-88.47099, 18.403303)",12,68.4523696899414,172.03933715820313,15.400001525878906,27.516666412353516,25.266666412353516,23.46666717529297,23,511,511,5
Icterus auratus,-87.75384,21.34191,4319349539,2,2022,"c(-87.75384, 21.34191)",13,71.33152770996094,187.77960205078125,18.39999771118164,26.650001525878906,24.366666793823242,22.78333282470703,32,380,356,2
Icterus auratus,-88.048645,19.589243,4310140109,1,2017,"c(-88.048645, 19.589243)",13,70.25252532958984,172.64598083496094,16.5,27.266666412353516,25.28333282470703,23.766666412353516,38,533,406,5
Icterus auratus,-88.73074,20.706907,4295948768,1,2022,"c(-88.73074, 20.706907)",28,69.5,189.88436889648438,20,27.133333206176758,23.883333206176758,23.16666603088379,28,538,411,2
Icterus auratus,-90.06288,20.86493,4294794535,1,2022,"c(-90.06288, 20.86493)",7,69.4293441772461,182.13539123535156,18.400001525878906,27.53333282470703,25.96666717529297,23.766666412353516,14,423,204,3
Icterus auratus,-87.349174,21.274958,4294262202,5,2022,"c(-87.349174, 21.274958)",8,69.3031997680664,197.2864990234375,17.700000762939453,26.683332443237305,23.950000762939453,22.516666412353516,38,497,448,2
Icterus auratus,-88.290054,18.084333,4288843915,5,2022,"c(-88.290054, 18.084333)",17,66.9211196899414,166.52645874023438,13.100000381469727,27.183334350585938,25.299999237060547,23.683334350585938,35,581,535,5
Icterus auratus,-87.526825,20.897635,4276613166,10,1991,"c(-87.526825, 20.897635)",22,70.92491149902344,185.80853271484375,18.19999885559082,26.649999618530273,24.33333396911621,22.83333396911621,44,559,475,2
Icterus auratus,-92.09102,18.25438,4272775396,11,2022,"c(-92.09102, 18.25438)",5,62.52408218383789,204.8595428466797,17.30000114440918,27.75,26.299999237060547,23.91666603088379,35,815,507,4
Icterus auratus,-88.775604,19.878832,4252670678,8,2022,"c(-88.775604, 19.878832)",14,69.575469970703125,194.39881896972656,21.19999885559082,27.483333587646484,24.08333396911621,23.366666793823242,30,547,435,2
Icterus auratus,-90.449234,19.509584,4244771998,1,2022,"c(-90.449234, 19.509584)",49,63.959388732910156,213.6887664794922,19.700000762939453,27.483333587646484,25.799999237060547,23.299999237060547,18,695,289,4
Icterus auratus,-88.46017,19.362133,4221850145,2,2022,"c(-88.46017, 19.362133)",28,73.19046783447266,165.9197235107422,17.500001907348633,26.883333206176758,25.21666717529297,23.58333396911621,33,524,390,2
Icterus auratus,-90.69931,19.528841,4207767908,5,2022,"c(-90.69931, 19.528841)",0,64.03985595703125,203.71920776367188,18.399999618530273,27.683334350585938,25.983333587646484,23.649999618530273,15,672,261,4
Icterus auratus,-88.93462,19.629251,4195595686,1,2022,"c(-88.93462, 19.629251)",61,69.89379119873047,191.45919799804688,20.399999618530273,27.149999618530273,23.799999237060547,23.03333282470703,27,474,383,2
Icterus auratus,-90.43779,19.639183,4190806280,9,2022,"c(-90.43779, 19.639183)",29,64.44444274902344,210.7058868408203,19.5,27.616666793823242,25.96666717529297,23.516666412353516,19,666,280,4
Icterus auratus,-88.083305,19.72291,4179329856,2,2008,"c(-88.083305, 19.72291)",21,71.03175354003906,170.7314910888672,16.799999237060547,27.133333206176758,25.116666793823242,23.666667938232422,38,523,445,5
Icterus auratus,-87.957163,21.456244,4103390624,5,2023,"c(-87.957163, 21.456244)",8,71.31675720214844,183.66790771484375,18.100000381469727,26.866666793823242,24.850000381469727,23.133333206176758,27,351,282,3
Icterus auratus,-87.812933,19.723165,4075893126,3,2023,"c(-87.812933, 19.723165)",10,70.36458587646484,166.8213348388672,16,27.333332061767578,25.316665649414063,23.91666603088379,37,523,425,5
Icterus auratus,-87.775192,19.352836,3822106409,5,2008,"c(-87.775192, 19.352836)",1,69.580413818359375,157.54989624023438,14.30000114440918,27.633333206176758,25.549999237060547,24.33333396911621,36,540,437,5
Icterus auratus,-86.919215,21.045035,3760378540,4,2022,"c(-86.919215, 21.045035)",17,65.15625,204.73329162597656,16,27.316665649414063,24.600000381469727,23.149999618530273,43,504,397,2
Icterus auratus,-88.317695,20.717302,3698083399,2,2022,"c(-88.317695, 20.717302)",29,70.79124450683594,185.2189483642578,19.80000114440918,27.28333282470703,23.866666793823242,23.266666412353516,31,550,437,2
Icterus auratus,-90.2243,20.031328,3694438041,12,2021,"c(-90.2243, 20.031328)",21,66.37354278564453,197.86883544921875,19.89999771118164,27.733333587646484,26.33333396911621,23.899999618530273,18,596,275,4
Icterus auratus,-87.47884,20.07021,3686951897,1,2019,"c(-87.47884, 20.07021)",1,70.97505187988281,158.94540405273438,14.700000762939453,27.299999237060547,25.299999237060547,24.03333282470703,34,509,381,5
Icterus auratus,-88.400024,19.502224,3684246463,2,2021,"c(-88.400024, 19.502224)",29,71.5823974609375,172.2197723388672,17.799999237060547,26.96666717529297,25.183332443237305,23.53333282470703,33,594,414,2
Icterus auratus,-87.71843,20.508583,3681372227,12,2021,"c(-87.71843, 20.508583)",17,71.07007598876953,182.40969848632813,17.600000381469727,26.600000381469727,24.350000381469727,22.883333206176758,42,500,412,2
Icterus auratus,-89.32605,21.213968,3672987111,5,2021,"c(-89.32605, 21.213968)",7,66.93692779541016,197.461181640625,18.500001907348633,27.19999885559082,25.299999237060547,23.049999237060547,19,361,278,3
Icterus auratus,-88.25693,20.23723,3670057799,4,2021,"c(-88.25693, 20.23723)",31,70.74916076660156,184.17044067382813,19.799999237060547,26.83333396911621,23.866666793823242,23.299999237060547,35,513,390,2
Icterus auratus,-90.37666,20.53573,3660001266,1,2020,"c(-90.37666, 20.53573)",7,70.99812316894531,172.97967529296875,17.69999885559082,27.91666603088379,26,24.16666603088379,10,443,334,3
Icterus auratus,-87.921745,20.893639,3653365604,5,2021,"c(-87.921745, 20.893639)",21,72.89473724365234,177.50587463378906,19,27.299999237060547,23.816667556762695,23.316665649414063,39,458,378,2
Icterus auratus,-88.34603,18.229748,3645913690,7,2021,"c(-88.34603, 18.229748)",14,68.30986022949219,164.89434814453125,14.19999885559082,27.266666412353516,25.516666412353516,23.833332061767578,28,545,477,5
Icterus auratus,-88.633194,21.111277,3638778593,11,2020,"c(-88.633194, 21.111277)",16,71.82540130615234,168.92872619628906,18.89999771118164,26.91666603088379,25.28333282470703,23.383333206176758,40,599,483,2
Icterus auratus,-88.204926,20.745865,3612414774,6,2021,"c(-88.204926, 20.745865)",26,71.319793701171875,184.45045471191406,19.700000762939453,27.33333396911621,23.899999618530273,23.316667556762695,32,532,427,2
Icterus auratus,-88.77184,19.709044,3611288117,4,2021,"c(-88.77184, 19.709044)",53,69.90290832519531,193.26541137695313,20.600000381469727,27.266666412353516,23.816665649414063,23.100000381469727,31,516,414,2
Icterus auratus,-87.3233,20.918785,3610240998,3,2021,"c(-87.3233, 20.918785)",18,69.62208557128906,193.49801635742188,17.200000762939453,26.78333282470703,24.25,22.766666412353516,46,549,444,2
Icterus auratus,-88.6698,21.195415,3597361384,6,2021,"c(-88.6698, 21.195415)",6,71.3157958984375,175.98207092285156,18.999998092651367,27,25.316667556762695,23.316667556762695,34,557,440,2
Icterus auratus,-88.37529,20.196953,3596446780,3,2021,"c(-88.37529, 20.196953)",32,70.279144287109375,185.23123168945313,20.30000114440918,27.333332061767578,23.933332443237305,23.33333396911621,32,519,391,2
Icterus auratus,-88.317924,21.150965,3587154363,1,2021,"c(-88.317924, 21.150965)",15,70.89810943603516,185.30482482910156,19.299999237060547,27.21666717529297,25.08333396911621,23.16666603088379,37,577,463,2
Icterus auratus,-87.137375,20.849428,3579330795,9,2021,"c(-87.137375, 20.849428)",18,66.25514221191406,198.45423889160156,16.19999885559082,27.049999237060547,24.416667938232422,22.96666717529297,43,541,419,2
Icterus auratus,-90.191925,20.142101,3576677629,9,2021,"c(-90.191925, 20.142101)",5,67.47039031982422,189.24642944335938,19.700000762939453,27.75,26.399999618530273,24.066665649414063,19,570,272,4
Icterus auratus,-88.262665,19.4504,3573478654,2,2021,"c(-88.262665, 19.4504)",37,72.15568542480469,165.8975067138672,16.700000762939453,26.96666717529297,25.116666793823242,23.599998474121094,35,554,476,5
Icterus auratus,-88.86155,19.928818,3565146234,4,2021,"c(-88.86155, 19.928818)",36,69.6483154296875,196.70582580566406,21.80000114440918,27.349998474121094,24,23.233333587646484,27,536,426,2
Icterus auratus,-89.64459,20.870857,3564797684,6,2021,"c(-89.64459, 20.870857)",13,67.04544830322266,197.29373168945313,19.80000114440918,27.183334350585938,25.549999237060547,23.21666717529297,23,504,242,3
Icterus auratus,-88.06927,18.976461,3563819000,8,2021,"c(-88.06927, 18.976461)",11,72.240997314453125,154.5980682373047,14.799999237060547,27.16666603088379,25.33333396911621,23.899999618530273,38,554,459,5
Icterus auratus,-88.46346,18.749603,3554508299,4,2021,"c(-88.46346, 18.749603)",29,71.13289642333984,160.4539031982422,15.299999237060547,27.200000762939453,25.016666412353516,23.383333206176758,22,409,409,5
Icterus auratus,-92.09307,18.112595,3535416245,4,2021,"c(-92.09307, 18.112595)",4,61.83712387084961,208.7662353515625,17.600000381469727,27.799999237060547,26.366666793823242,23.94999885559082,46,870,501,4
Icterus auratus,-88.694435,19.77562,3524507948,4,2021,"c(-88.694435, 19.77562)",28,70.39262390136719,193.6036834716797,20.80000114440918,27.433334350585938,24,23.299999237060547,32,536,427,2
Icterus auratus,-88.16775,20.053246,3523627993,3,2021,"c(-88.16775, 20.053246)",28,71.18794250488281,175.2184600830078,18.799999237060547,26.899999618530273,23.983333587646484,23.483333587646484,37,506,382,2
Icterus auratus,-88.536476,19.301214,3520393613,5,2021,"c(-88.536476, 19.301214)",33,72.85848236083984,165.892333984375,17.89999771118164,26.850000381469727,25.25,23.53333282470703,31,482,370,2
Icterus auratus,-87.583889,20.721944,3398710375,5,2018,"c(-87.583889, 20.721944)",26,71.32769012451172,184.63058471679688,17.69999885559082,26.66666603088379,24.433332443237305,22.91666603088379,44,516,438,2
Icterus auratus,-92.506816,18.063721,3306365442,4,2016,"c(-92.506816, 18.063721)",2,62.249000549316406,209.4780731201172,16.599998474121094,27.816667556762695,26.03333282470703,23.78333282470703,50,884,508,4
Icterus auratus,-91.093056,19.021944,3306363594,3,2015,"c(-91.093056, 19.021944)",2,65.17341613769531,193.7601318359375,17.299999237060547,27.883333206176758,26.100000381469727,23.91666603088379,18,705,279,4
Icterus auratus,-91.833056,18.264418,3306363157,7,2015,"c(-91.833056, 18.264418)",-1,63.48314666748047,203.7322235107422,17.799999237060547,27.666667938232422,26.41666603088379,23.933334350585938,30,767,318,4
Icterus auratus,-91.21731,18.97426,3306361959,2,2015,"c(-91.21731, 18.97426)",2,64.970062255859375,192.93582153320313,16.69999885559082,28.016666412353516,26.149999618530273,24,18,695,280,4
Icterus auratus,-88.47072,20.703564,3297653512,4,2020,"c(-88.47072, 20.703564)",30,70.25000762939453,188.36415100097656,19.999998092651367,27.25,23.866666793823242,23.21666717529297,31,562,440,2
Icterus auratus,-89.19032,20.754587,3293032661,9,2020,"c(-89.19032, 20.754587)",17,67.39482116699219,200.63912963867188,20.600000381469727,27.133333206176758,23.899999618530273,23.066667556762695,21,485,255,3
Icterus auratus,-87.170105,21.109327,3290753923,11,2004,"c(-87.170105, 21.109327)",11,68.48039245605469,200.30044555664063,17,26.883333206176758,24.19999885559082,22.71666717529297,42,514,426,2
Icterus auratus,-86.93362,20.313059,3273391658,12,2020,"c(-86.93362, 20.313059)",5,63.04071044921875,176.9239501953125,13.100000381469727,27.53333282470703,25.383333206176758,24,30,588,417,5
Icterus auratus,-87.33946,20.802979,3243875895,2,2020,"c(-87.33946, 20.802979)",6,68.7376708984375,191.05369567871094,16.899999618530273,26.883333206176758,24.383333206176758,22.950000762939453,46,552,440,2
Icterus auratus,-90.51091,18.785114,3239621506,2,2020,"c(-90.51091, 18.785114)",60,64.76683807373047,214.4425506591797,19.299999237060547,27.433334350585938,25.666667938232422,23.16666603088379,19,653,281,4
Icterus auratus,-89.01611,20.1725,3239432796,2,2020,"c(-89.01611, 20.1725)",39,68.81720733642578,201.72549438476563,21.69999885559082,27.183332443237305,23.850000381469727,23.016666412353516,28,535,416,2
Icterus auratus,-88.512955,20.568129,3232122479,1,2020,"c(-88.512955, 20.568129)",29,70.03284454345703,187.50758361816406,20.299999237060547,27.266666412353516,23.94999885559082,23.28333282470703,32,550,425,2
Icterus auratus,-88.12867,21.478275,3195571297,8,2020,"c(-88.12867, 21.478275)",5,71.35417175292969,177.80384826660156,17.599998474121094,26.866666793823242,25.066665649414063,23.299999237060547,22,379,290,3
Icterus auratus,-90.318344,20.171278,3186230389,8,2020,"c(-90.318344, 20.171278)",4,67.41228485107422,190.20474243164063,18.999998092651367,27.883333206176758,26.25,24.016666412353516,16,555,255,4
Icterus auratus,-88.05996,19.39006,3184634441,11,2008,"c(-88.05996, 19.39006)",12,71.09053802490234,168.11790466308594,16.19999885559082,27.16666603088379,25.21666717529297,23.733333587646484,37,527,460,5
Icterus auratus,-88.868645,21.39302,3166112279,5,2020,"c(-88.868645, 21.39302)",1,72.04762268066406,177.2063446044922,17.5,27.016666412353516,24.883333206176758,23.049999237060547,17,334,273,3
Icterus auratus,-88.35312,18.732405,3143263569,4,2020,"c(-88.35312, 18.732405)",10,70.86247253417969,157.4127655029297,14.299999237060547,27.399999618530273,25.233333587646484,23.666667938232422,28,432,432,5
Icterus auratus,-90.426254,19.82767,3142232576,3,2020,"c(-90.426254, 19.82767)",23,64.57264709472656,210.04824829101563,19.500001907348633,27.78333282470703,26.116666793823242,23.649999618530273,17,619,261,4
Icterus auratus,-89.46698,20.985567,3133382527,1,2020,"c(-89.46698, 20.985567)",11,66.49659729003906,201.13690185546875,19.600000381469727,27.183332443237305,25.450000762939453,23.116666793823242,22,447,226,3
Icterus auratus,-89.515786,21.068692,3113683724,3,2021,"c(-89.515786, 21.068692)",10,66.31761932373047,200.24417114257813,19.10000228881836,27.183332443237305,25.450000762939453,23.116666793823242,22,410,211,3
Icterus auratus,-89.178272,21.225463,3109045595,4,2021,"c(-89.178272, 21.225463)",8,67.62653350830078,197.2404327392578,19.099998474121094,27.183334350585938,25.266666412353516,23.016666412353516,18,375,291,3
Icterus auratus,-87.237493,20.520655,3070339648,3,2019,"c(-87.237493, 20.520655)",9,66.44880676269531,181.0491180419922,15.299999237060547,27.116666793823242,24.91666603088379,23.483333587646484,37,556,414,5
Icterus auratus,-89.288625,21.322235,3032173872,1,2021,"c(-89.288625, 21.322235)",2,68.12865447998047,191.20433044433594,17.100000381469727,27.383333206176758,25.149999618530273,23.149999618530273,17,329,255,3
Icterus auratus,-87.58541,19.791391,2800732597,1,1993,"c(-87.58541, 19.791391)",3,70.29478454589844,161.02420043945313,14.700000762939453,27.30000114440918,25.316665649414063,24,35,525,405,5
Icterus auratus,-88.78146,19.030615,2798553183,1,2001,"c(-88.78146, 19.030615)",68,72.79693603515625,164.25221252441406,17.399999618530273,26.399999618530273,24.883333206176758,23.049999237060547,17,403,332,3
Icterus auratus,-88.41003,18.331118,2785546531,6,2019,"c(-88.41003, 18.331118)",6,68.34452056884766,170.61831665039063,14.899999618530273,27.600000381469727,25.433334350585938,23.649999618530273,23,531,528,5
Icterus auratus,-88.25494,18.707493,2777902481,10,2019,"c(-88.25494, 18.707493)",1,70.05953216552734,158.321533203125,13.999998092651367,27.266666412353516,25.516666412353516,23.950000762939453,29,460,439,5
Icterus auratus,-90.44117,20.202923,277490555,9,1995,"c(-90.44117, 20.202923)",5,67.124542236328125,191.0537109375,18.200000762939453,27.96666717529297,26.03333282470703,23.950000762939453,14,529,377,4
Icterus auratus,-89.672455,21.28132,2770196255,5,2019,"c(-89.672455, 21.28132)",2,65.94444274902344,185.1591339111328,15,27.116666793823242,25.133333206176758,23.33333396911621,19,298,214,3
Icterus auratus,-89.61952,20.737667,2766036124,6,2019,"c(-89.61952, 20.737667)",15,67.2330093383789,202.20188903808594,20.599998474121094,27.116666793823242,25.58333396911621,23.133333206176758,24,528,255,3
Icterus auratus,-88.15393,19.812735,2763577032,5,2019,"c(-88.15393, 19.812735)",21,70.92591857910156,175.43882751464844,18,27.08333396911621,25.133333206176758,23.58333396911621,38,512,443,2
Icterus auratus,-88.04627,19.485561,2762683969,11,2019,"c(-88.04627, 19.485561)",16,70.59748077392578,169.07672119140625,15.900001525878906,27.233333587646484,25.200000762939453,23.766666412353516,38,536,458,5
Icterus auratus,-90.71201,18.962265,2752438967,4,2019,"c(-90.71201, 18.962265)",20,64.55094909667969,212.77523803710938,19.299999237060547,27.58333396911621,25.916667938232422,23.41666603088379,19,699,280,4
Icterus auratus,-88.62932,20.974594,2745439875,6,2019,"c(-88.62932, 20.974594)",21,70.38460540771484,182.6006622314453,19.500001907348633,27.049999237060547,25.233333587646484,23.200000762939453,35,588,463,2
Icterus auratus,-88.1351,18.342325,2744431241,3,2019,"c(-88.1351, 18.342325)",14,65.93916320800781,160.70098876953125,12.599998474121094,27.399999618530273,25.616666793823242,24.066665649414063,24,547,475,5
Icterus auratus,-89.016525,20.93692,2736414092,2,2019,"c(-89.016525, 20.93692)",14,68.54166412353516,195.60076904296875,20,27.116666793823242,25.383333206176758,23.100000381469727,21,483,363,3
Icterus auratus,-88.96868,20.769396,2735734106,1,2019,"c(-88.96868, 20.769396)",16,68.26765441894531,196.67071533203125,20.299999237060547,27.100000381469727,23.883333206176758,23.08333396911621,20,483,357,2
Icterus auratus,-88.116234,20.700167,2733356612,3,2019,"c(-88.116234, 20.700167)",22,71.319793701171875,182.58248901367188,19.700000762939453,27.383333206176758,23.933334350585938,23.399999618530273,36,505,404,2
Icterus auratus,-87.92615,20.099688,2730816614,2,2019,"c(-87.92615, 20.099688)",20,71.22905731201172,174.12118530273438,17.89999771118164,26.900001525878906,24.983333587646484,23.433334350585938,39,502,422,2
Icterus auratus,-87.66959,18.783665,2722894064,1,1991,"c(-87.66959, 18.783665)",1,69.153228759765625,150.70225524902344,12.399999618530273,26.83333396911621,25.883333206176758,24.516666412353516,30,584,420,5
Icterus auratus,-90.1208,20.393688,2720869217,7,2019,"c(-90.1208, 20.393688)",8,69.34672546386719,184.29635620117188,19.900001525878906,27.633333206176758,26.25,23.983333587646484,18,512,259,3
Icterus auratus,-87.22032,21.415016,2714733016,7,2017,"c(-87.22032, 21.415016)",0,68.92570495605469,196.25418090820313,16.599998474121094,26.933332443237305,24.100000381469727,22.766666412353516,34,460,409,2
Icterus auratus,-88.38876,18.549925000000002,2710772363,10,2019,"c(-88.38876, 18.549925)",18,68.63426208496094,165.71925354003906,14.399999618530273,27.516666412353516,25.266666412353516,23.600000381469727,24,464,464,5
Icterus auratus,-88.156746,21.596525,2707159874,6,2019,"c(-88.156746, 21.596525)",1,70.94017028808594,175.83567810058594,15.600000381469727,26.933334350585938,24.850000381469727,23.25,17,297,253,3
Icterus auratus,-88.93382,21.311451,2685619654,6,2019,"c(-88.93382, 21.311451)",6,70.24432373046875,184.6351776123047,19.100000381469727,27.03333282470703,25.200000762939453,23.100000381469727,19,373,297,3
Icterus auratus,-88.0551,20.834242,2674278657,3,2019,"c(-88.0551, 20.834242)",21,71.880340576171875,181.52134704589844,19.5,27.33333396911621,23.899999618530273,23.33333396911621,39,502,409,2
Icterus auratus,-88.25896,20.506243,2665365046,3,2019,"c(-88.25896, 20.506243)",26,71.04376983642578,181.6903076171875,19.80000114440918,27.299999237060547,23.933332443237305,23.366666793823242,34,523,408,2
Icterus auratus,-88.35891,18.005749,2652533943,12,2017,"c(-88.35891, 18.005749)",18,67.03162384033203,166.24642944335938,13.700000762939453,27.133333206176758,25.299999237060547,23.66666603088379,40,606,568,5
Icterus auratus,-88.773315,20.621794,2630629202,3,1898,"c(-88.773315, 20.621794)",28,69.72361755371094,189.86192321777344,19.900001525878906,27.166667938232422,23.899999618530273,23.16666603088379,28,534,407,2
Icterus auratus,-90.721667,19.355,2630555880,6,1951,"c(-90.721667, 19.355)",4,64.19752502441406,207.0939178466797,18.900001525878906,27.53333282470703,25.86666488647461,23.44999885559082,15,701,269,4
Icterus auratus,-88.25,19.716667,2630547524,3,1953,"c(-88.25, 19.716667)",26,70.973785400390625,174.35377502441406,17.799999237060547,27.066665649414063,25.183334350585938,23.583332061767578,36,513,389,2
Icterus auratus,-88.786895,21.084744,2573861233,2,2020,"c(-88.786895, 21.084744)",12,70.35590362548828,182.42214965820313,19.200000762939453,26.96666717529297,25.28333282470703,23.183334350585938,29,552,425,2
Icterus auratus,-89.250809,20.680486,2273310921,6,2019,"c(-89.250809, 20.680486)",19,67.4352798461914,202.9269561767578,20.599998474121094,27.066667556762695,23.799999237060547,22.950000762939453,22,495,385,2
Icterus auratus,-90.215904,20.645254,2230415459,11,2018,"c(-90.215904, 20.645254)",5,73.15315246582031,160.53176879882813,18.5,27.883333206176758,26.549999237060547,24.600000381469727,11,395,312,3
Icterus auratus,-88.16848,21.191986,2226746115,12,2018,"c(-88.16848, 21.191986)",17,71.04811096191406,188.25758361816406,19.399999618530273,27.25,24.899999618530273,23.066665649414063,37,545,443,2
Icterus auratus,-89.22636,20.53512,2221317125,12,2018,"c(-89.22636, 20.53512)",22,67.69840240478516,201.6785888671875,21.000001907348633,27.066665649414063,23.866666793823242,23.016666412353516,27,528,288,2
Icterus auratus,-89.045044,20.583284,2220418437,11,2018,"c(-89.045044, 20.583284)",22,68.0354232788086,198.73272705078125,20.700000762939453,27.116666793823242,23.883333206176758,23.08333396911621,28,519,402,2
Icterus auratus,-87.747734,19.789307,2211143198,1,1999,"c(-87.747734, 19.789307)",11,70.51688385009766,167.11622619628906,15.799999237060547,27.183332443237305,25.166667938232422,23.75,39,518,415,5
Icterus auratus,-88.24477,18.30188,2208268565,10,2018,"c(-88.24477, 18.30188)",17,66.4102554321289,165.4310302734375,13,27.25,25.383333206176758,23.78333282470703,26,540,501,5
Icterus auratus,-87.96115,17.923979,2206905570,9,2018,"c(-87.96115, 17.923979)",2,62.03703308105469,149.17703247070313,10.80000114440918,26.899999618530273,25.933334350585938,24.58333396911621,39,586,449,5
Icterus auratus,-90.14028,18.60774,2195436606,7,2018,"c(-90.14028, 18.60774)",86,65.77235412597656,217.53611755371094,20.5,26.96666717529297,25.883333206176758,23.28333282470703,22,551,263,4
Icterus auratus,-88.304726,18.453423,2181232757,11,2014,"c(-88.304726, 18.453423)",9,66.849151611328125,167.25218200683594,13.69999885559082,27.233333587646484,25.5,23.78333282470703,22,509,494,5
Icterus auratus,-90.78959,18.442036,2176007876,6,2018,"c(-90.78959, 18.442036)",64,63.91708755493164,216.63885498046875,19.700000762939453,27.483333587646484,25.83333396911621,23.266666412353516,22,648,306,4
Icterus auratus,-87.61656,21.266535,2149928909,2,2018,"c(-87.61656, 21.266535)",16,70.83332824707031,190.12506103515625,18.600000381469727,26.53333282470703,24.133333206176758,22.583332061767578,37,448,414,2
Icterus auratus,-89.09846,21.162977,2145329646,5,2018,"c(-89.09846, 21.162977)",8,68.0769271850586,197.2130584716797,19.5,27.100000381469727,25.25,22.983333587646484,19,414,319,3
Icterus auratus,-89.79083,20.877726,2139646114,3,2018,"c(-89.79083, 20.877726)",11,67.53022003173828,194.51962280273438,19.30000114440918,27.266666412353516,25.649999618530273,23.350000381469727,23,488,235,3
Icterus auratus,-88.07833,19.875566,2138156207,2,2018,"c(-88.07833, 19.875566)",6,71.19047546386719,171.47918701171875,17.5,27.16666603088379,25.200000762939453,23.700000762939453,38,510,437,5
Icterus auratus,-88.172,20.591303,2138040835,2,2018,"c(-88.172, 20.591303)",26,71.02369689941406,182.7209014892578,19.69999885559082,27.299999237060547,23.866666793823242,23.316667556762695,35,511,403,2
Icterus auratus,-87.72775,18.699478,2135750281,2,2018,"c(-87.72775, 18.699478)",5,68.766937255859375,151.55447387695313,12.30000114440918,26.766666412353516,25.850000381469727,24.46666717529297,29,582,421,5
Icterus auratus,-90.24578,20.488922,2119243094,12,2017,"c(-90.24578, 20.488922)",4,70.83332824707031,172.12351989746094,19.200000762939453,27.899999618530273,26.616666793823242,24.483333587646484,14,460,226,3
Icterus auratus,-88.512924,18.32267,2118571323,3,2018,"c(-88.512924, 18.32267)",11,69.17735290527344,172.47035217285156,15.600000381469727,27.433332443237305,25.200000762939453,23.399999618530273,26,536,536,5
Icterus auratus,-86.94812,20.769405,2102233926,11,2017,"c(-86.94812, 20.769405)",3,64.1498794555664,194.8362579345703,14.900001525878906,27.483333587646484,25.049999237060547,23.58333396911621,38,543,400,5
Icterus auratus,-89.65455,21.04229,2083460129,7,2017,"c(-89.65455, 21.04229)",8,66.53368377685547,195.61627197265625,18.80000114440918,27.316667556762695,25.566665649414063,23.316665649414063,22,425,324,3
Icterus auratus,-90.38025,19.932947,2073809798,6,2017,"c(-90.38025, 19.932947)",6,65.57591247558594,204.50003051757813,19.100000381469727,27.883333206176758,26.03333282470703,23.71666717529297,17,603,412,4
Icterus auratus,-87.10284,21.406637,2071441144,5,2017,"c(-87.10284, 21.406637)",7,68.08943176269531,200.854248046875,16.399999618530273,26.933334350585938,24.116666793823242,22.733333587646484,36,464,403,2
Icterus auratus,-92.2184,18.608372,2053180209,3,2017,"c(-92.2184, 18.608372)",2,61.867095947265625,204.75550842285156,15.799999237060547,27.683334350585938,26.100000381469727,23.799999237060547,27,681,403,4
Icterus auratus,-90.69754,19.662983,2052949496,5,2017,"c(-90.69754, 19.662983)",33,64.57170104980469,199.6981658935547,17.899999618530273,27.600000381469727,25.850000381469727,23.600000381469727,15,639,254,4
Icterus auratus,-88.53329,20.0372,2052828510,5,2017,"c(-88.53329, 20.0372)",32,70.10517883300781,188.2510223388672,20.600000381469727,27.366666793823242,23.33333396911621,23.33333396911621,24,503,391,2
Icterus auratus,-90.5259,19.855852,2039603168,2,2017,"c(-90.5259, 19.855852)",-1,65.82891845703125,203.21795654296875,18.900001525878906,28.133333206176758,26.383333206176758,24.066667556762695,16,602,409,4
Icterus auratus,-88.030043,20.541499,2013756317,6,2018,"c(-88.030043, 20.541499)",25,70.96219635009766,182.82505798339844,19.399999618530273,27.299999237060547,23.75,23.25,40,486,382,2
Icterus auratus,-92.6313406,18.2798594,1895177491,8,1998,"c(-92.6313406, 18.2798594)",4,62.144309997558594,210.93003845214844,16.399999618530273,27.71666717529297,25.866666793823242,23.616666793823242,42,811,447,4
Icterus auratus,-92.5746729,18.5398472,1895177410,9,1998,"c(-92.5746729, 18.5398472)",-1,62.16355895996094,206.65216064453125,16.100000381469727,27.71666717529297,27.66666603088379,23.733333587646484,32,683,372,4
Icterus auratus,-88.79,21.198333,1895087481,4,1888,"c(-88.79, 21.198333)",8,70.27491760253906,185.95985412597656,19.399999618530273,27.133333206176758,25.333332061767578,23.21666717529297,27,533,406,2
Icterus auratus,-88.938333,21.165,1895087416,NA,1889,"c(-88.938333, 21.165)",9,69.52991485595703,190.84091186523438,19.5,27.066665649414063,25.316667556762695,23.100000381469727,22,464,355,3
Icterus auratus,-88.923333,20.126667,1895087362,4,1888,"c(-88.923333, 20.126667)",38,68.81720733642578,199.05838012695313,21.69999885559082,27.21666717529297,23.899999618530273,23.083332061767578,27,534,418,2
Icterus auratus,-87.193437,21.210106,1880598561,4,2012,"c(-87.193437, 21.210106)",5,68.99224853515625,200.6221466064453,17.200000762939453,26.850000381469727,24.100000381469727,22.649999618530273,40,502,429,2
Icterus auratus,-89.41548,20.792528,1789125257,9,2010,"c(-89.41548, 20.792528)",15,67.159271240234375,203.5294647216797,20.30000114440918,27.049999237060547,25.299999237060547,22.933334350585938,23,490,247,3
Icterus auratus,-88.75407,21.347406,1775710151,11,2016,"c(-88.75407, 21.347406)",5,70.855621337890625,182.24400329589844,18.69999885559082,27.049999237060547,25.16666603088379,23.133333206176758,23,425,335,3
Icterus auratus,-90.84364,17.885935,1772884884,11,2016,"c(-90.84364, 17.885935)",62,64.21820831298828,209.55715942382813,19.400001525878906,27.766666412353516,26.30000114440918,23.733333587646484,30,654,355,4
Icterus auratus,-90.944565,18.760956,1772390688,6,2005,"c(-90.944565, 18.760956)",32,64.6701431274414,206.99693298339844,19.19999885559082,27.633333206176758,25.983333587646484,23.549999237060547,21,736,304,4
Icterus auratus,-88.94657,21.01356,1754977992,5,2016,"c(-88.94657, 21.01356)",14,68.90863037109375,193.61932373046875,19.700000762939453,27.03333282470703,25.299999237060547,23.03333282470703,23,495,374,3
Icterus auratus,-90.04755,21.163527,1744373910,6,2016,"c(-90.04755, 21.163527)",3,67.857147216796875,182.37074279785156,15.399999618530273,27.733333587646484,25.383333206176758,23.616666793823242,11,271,203,3
Icterus auratus,-89.56082,20.812683,1723530918,3,2016,"c(-89.56082, 20.812683)",15,66.66666412353516,203.44569396972656,20.299999237060547,27.100000381469727,25.433334350585938,23.016666412353516,24,510,248,3
Icterus auratus,-89.42163,21.324459,1500343933,3,2009,"c(-89.42163, 21.324459)",3,67.43827056884766,192.5245819091797,16.19999885559082,27.03333282470703,25.08333396911621,23.149999618530273,18,313,235,3
Icterus auratus,-87.4681,19.97139,1411541853,3,2005,"c(-87.4681, 19.97139)",0,69.73380279541016,159.45159912109375,14.399999618530273,27.383333206176758,25.366666793823242,24.100000381469727,34,517,388,5
Icterus auratus,-88.37806,20.892778,1400970398,1,2012,"c(-88.37806, 20.892778)",29,70.85492706298828,185.3881072998047,19.299999237060547,27.150001525878906,23.733333587646484,23.116666793823242,34,589,472,2
Icterus auratus,-88.14645,20.892538,1383321349,11,2008,"c(-88.14645, 20.892538)",24,71.53845977783203,184.98773193359375,19.5,27.25,23.799999237060547,23.200000762939453,37,550,449,2
Icterus auratus,-86.85134,20.498783,1378974239,7,2015,"c(-86.85134, 20.498783)",11,61.450382232666016,185.5703582763672,13.100000381469727,27.600000381469727,25.233333587646484,23.883333206176758,33,590,422,5
Icterus auratus,-87.39075,20.324024,133962884,9,2005,"c(-87.39075, 20.324024)",12,69.2052993774414,167.1258544921875,15.099998474121094,26.983333587646484,24.933332443237305,23.566667556762695,36,516,384,5
Icterus auratus,-88.05508,19.156694,1197240338,12,1996,"c(-88.05508, 19.156694)",13,72.295806884765625,157.07554626464844,15.100000381469727,27.116666793823242,25.21666717529297,23.816665649414063,40,546,464,5
Icterus auratus,-88.5965,20.518461,1177134577,11,2005,"c(-88.5965, 20.518461)",28,69.86863708496094,188.28773498535156,20.299999237060547,27.25,23.933332443237305,23.25,32,547,422,2
Icterus auratus,-87.68975,20.319553,1175063690,5,2014,"c(-87.68975, 20.319553)",25,71.10453033447266,175.8550262451172,16.900001525878906,26.683332443237305,24.5,23.08333396911621,40,497,397,2
Icterus auratus,-90.538995,19.631816,1122957748,12,2014,"c(-90.538995, 19.631816)",24,64.68254089355469,207.11354064941406,18.899999618530273,27.616666793823242,25.950000762939453,23.549999237060547,18,668,272,4
