species,decimalLongitude,decimalLatitude,month,year,gbifID,geometry,elev,bio_03,bio_05,bio_06,bio_10,bio_13,bio_14,bio_17,bio_18,bio_19
Icterus auratus,-87.86916,18.138283,6,1994,973221500,"c(-87.86916, 18.138283)",8,24.46666717529297,203,29,384,64.6024398803711,152.71966552734375,10.900001525878906,26.766666412353516,25.866666793823242
Icterus auratus,-90.29965,20.98952,8,1994,968101028,"c(-90.29965, 20.98952)",3,23.866666793823242,128,9,243,69.37627410888672,179.91738891601563,16.30000114440918,27.866666793823242,25.66666603088379
Icterus auratus,-88.54706,19.171112,5,2006,962433467,"c(-88.54706, 19.171112)",24,23.66666603088379,172,30,353,73.904754638671875,159.35716247558594,17.500001907348633,26.850000381469727,25.33333396911621
Icterus auratus,-89.64908,20.307505,6,2013,956224361,"c(-89.64908, 20.307505)",62,22.5,204,23,283,66.51445770263672,211.93731689453125,21.900001525878906,26.733333587646484,22.5
Icterus auratus,-87.96446,19.687845,2,2013,940909476,"c(-87.96446, 19.687845)",17,23.683334350585938,209,39,438,70.21604919433594,171.86752319335938,16.200000762939453,27.183334350585938,25.116666793823242
Icterus auratus,-88.20747,20.756205,2,2013,940901116,"c(-88.20747, 20.756205)",25,23.316667556762695,196,32,429,71.59864044189453,183.61065673828125,19.599998474121094,27.33333396911621,23.899999618530273
Icterus auratus,-89.88989,18.476118,1,2013,936817329,"c(-89.88989, 18.476118)",163,22.933332443237305,214,25,251,67.88720703125,206.30364990234375,19.80000114440918,26.566667556762695,25.366666793823242
Icterus auratus,-87.89337,21.550047,11,2012,935983670,"c(-87.89337, 21.550047)",4,23.08333396911621,129,25,279,71.55350494384766,184.48277282714844,16.19999885559082,26.96666717529297,24.616666793823242
Icterus auratus,-88.572078,20.772518,11,1945,896276914,"c(-88.572078, 20.772518)",30,23.183334350585938,207,31,444,69.79167175292969,189.04615783691406,19.999998092651367,27.200000762939453,23.866666793823242
Icterus auratus,-88.96656,20.63856,3,1925,863440387,"c(-88.96656, 20.63856)",27,23.03333282470703,192,25,390,68.39080047607422,195.347412109375,20.30000114440918,27.049999237060547,23.83333396911621
Icterus auratus,-89.42444,21.324236,12,2012,832695289,"c(-89.42444, 21.324236)",3,23.149999618530273,135,18,235,67.43827056884766,192.5245819091797,16.19999885559082,27.03333282470703,25.08333396911621
Icterus auratus,-87.016174,20.381155,3,2011,829704375,"c(-87.016174, 20.381155)",11,23.899999618530273,238,33,417,63.69948959350586,174.59640502929688,13.200000762939453,27.433334350585938,25.149999618530273
Icterus auratus,-89.00009,19.985207,10,2005,829381853,"c(-89.00009, 19.985207)",42,23.03333282470703,206,28,414,68.97081756591797,200.1060333251953,21.69999885559082,27.200000762939453,23.83333396911621
Icterus auratus,-87.7375,20.165545,3,2011,590095524,"c(-87.7375, 20.165545)",24,23.299999237060547,188,39,400,71.33534240722656,171.54983520507813,16.599998474121094,26.816665649414063,24.71666717529297
Icterus auratus,-89.63749,18.50008,12,2011,589954101,"c(-89.63749, 18.50008)",212,22.666667938232422,200,23,339,69.55958557128906,195.20919799804688,19.299999237060547,26.16666603088379,25.016666412353516
Icterus auratus,-89.49188,18.827623,2,2009,588192439,"c(-89.49188, 18.827623)",285,21.950000762939453,173,18,328,69.09172058105469,192.08729553222656,18.89999771118164,25.483333587646484,24.25
Icterus auratus,-91.91162,18.051283,11,2020,5716022486,"c(-91.91162, 18.051283)",3,23.899999618530273,295,41,349,63.259666442871094,209.17588806152344,18.100000381469727,27.66666603088379,26.483333587646484
Icterus auratus,-89.499535,21.079304,5,2018,5715847523,"c(-89.499535, 21.079304)",11,23.100000381469727,156,22,210,66.27398681640625,200.79530334472656,19.10000228881836,27.16666603088379,25.433334350585938
Icterus auratus,-89.460266,20.631283,3,2018,5715704055,"c(-89.460266, 20.631283)",15,23.016666412353516,186,25,265,66.7840347290039,207.27078247070313,21.30000114440918,27.100000381469727,23.933334350585938
Icterus auratus,-88.16952,21.19344,2,2016,5715647383,"c(-88.16952, 21.19344)",17,23.066665649414063,196,37,443,71.04811096191406,188.25758361816406,19.399999618530273,27.25,24.899999618530273
Icterus auratus,-90.20475,18.158493,5,2015,5715218616,"c(-90.20475, 18.158493)",160,23.066667556762695,242,29,303,66.83760070800781,208.59376525878906,19.500001907348633,26.816665649414063,25.450000762939453
Icterus auratus,-86.82083,21.280256,1,2014,5714955513,"c(-86.82083, 21.280256)",4,23.299999237060547,194,37,399,64.40397644042969,199.85360717773438,15.099998474121094,27.450000762939453,24.600000381469727
Icterus auratus,-86.88237,21.06947,6,2016,5713902109,"c(-86.88237, 21.06947)",9,23.28333282470703,194,41,394,64.89583587646484,205.43560791015625,16,27.46666717529297,24.75
Icterus auratus,-90.37575,19.722431,6,2019,5710914126,"c(-90.37575, 19.722431)",20,23.58333396911621,244,19,274,64.46700286865234,210.53863525390625,19.700000762939453,27.71666717529297,26.049999237060547
Icterus auratus,-89.72453,20.116982,2,2019,5709242490,"c(-89.72453, 20.116982)",72,22.816665649414063,201,22,280,66.22807312011719,205.74095153808594,20.89999771118164,26.899999618530273,23.71666717529297
Icterus auratus,-89.552475,21.306982,12,2024,5708717064,"c(-89.552475, 21.306982)",2,23.299999237060547,131,20,217,65.75269317626953,188.31137084960938,15.499998092651367,27.08333396911621,25.16666603088379
Icterus auratus,-89.689766,20.982492,4,2017,5708514513,"c(-89.689766, 20.982492)",9,23.450000762939453,165,22,353,66.97368621826172,193.06687927246094,19,27.366666793823242,25.683334350585938
Icterus auratus,-89.30374,18.610947,2,1997,5706808477,"c(-89.30374, 18.610947)",247,22.049999237060547,174,20,342,70.78755187988281,181.0993194580078,18.19999885559082,25.516666412353516,24.200000762939453
Icterus auratus,-87.81492,19.72106,6,1991,5703634650,"c(-87.81492, 19.72106)",10,23.91666603088379,204,37,425,70.36458587646484,166.8213348388672,16,27.333332061767578,25.316665649414063
Icterus auratus,-90.05357,21.15745,11,2024,5696808053,"c(-90.05357, 21.15745)",2,23.600000381469727,115,11,206,67.6816177368164,184.3842315673828,15.60000228881836,27.75,25.366666793823242
Icterus auratus,-89.58721,20.381119,7,2024,5695866390,"c(-89.58721, 20.381119)",61,22.566667556762695,203,24,283,66.85779571533203,210.51300048828125,21.799999237060547,26.766666412353516,22.566667556762695
Icterus auratus,-88.30458,19.926323,3,2017,5695730285,"c(-88.30458, 19.926323)",28,23.433334350585938,196,34,384,70.8987808227539,180.11517333984375,19.099998474121094,26.950000762939453,25.116666793823242
Icterus auratus,-87.877495,21.402264,4,2017,5695730118,"c(-87.877495, 21.402264)",9,22.96666717529297,138,31,293,70.51970672607422,187.2205352783203,18.60000228881836,26.71666717529297,24.69999885559082
Icterus auratus,-89.77306,20.673498,4,2016,5693246233,"c(-89.77306, 20.673498)",15,23.266666412353516,187,24,263,67.64705657958984,196.3048858642578,20.400001525878906,27.183332443237305,25.616666793823242
Icterus auratus,-88.739876,21.305706,2,2024,5692010244,"c(-88.739876, 21.305706)",6,23.149999618530273,170,25,364,70.50263977050781,182.56329345703125,18.900001525878906,27.049999237060547,25.200000762939453
Icterus auratus,-90.22086,19.762177,4,2024,5691241691,"c(-90.22086, 19.762177)",17,23.633333206176758,239,20,275,64.3382339477539,212.70401000976563,20.399999618530273,27.75,26.149999618530273
Icterus auratus,-87.77248,19.921793,11,2024,5690107781,"c(-87.77248, 19.921793)",8,23.649999618530273,196,39,410,70.5521469116211,169.03245544433594,16.299999237060547,27.116666793823242,25.049999237060547
Icterus auratus,-88.33453,20.310635,10,2024,5689860221,"c(-88.33453, 20.310635)",32,23.316665649414063,201,34,400,70.85426330566406,182.9410400390625,19.900001525878906,27.299999237060547,23.883333206176758
Icterus auratus,-88.23345,19.001797,12,2016,5681672450,"c(-88.23345, 19.001797)",12,23.766666412353516,210,37,471,72.06195831298828,155.74539184570313,15.60000228881836,27.016666412353516,25.25
Icterus auratus,-87.58355,20.721111,11,2024,5680703233,"c(-87.58355, 20.721111)",26,22.91666603088379,192,44,438,71.32769012451172,184.63058471679688,17.69999885559082,26.66666603088379,24.433332443237305
Icterus auratus,-88.03,20.418648,5,2024,5678058876,"c(-88.03, 20.418648)",23,23.233333587646484,187,40,378,71.18055725097656,181.10768127441406,19.19999885559082,26.75,24.883333206176758
Icterus auratus,-90.51413,19.753605,9,2021,5676819867,"c(-90.51413, 19.753605)",13,23.733333587646484,236,17,262,64.71353912353516,207.83651733398438,19.19999885559082,27.816665649414063,26.183334350585938
Icterus auratus,-88.73353,19.793922,4,2014,5674640737,"c(-88.73353, 19.793922)",16,23.316667556762695,217,32,443,69.88094329833984,194.92568969726563,21.000001907348633,27.5,24.049999237060547
Icterus auratus,-87.63313,19.870532999999998,6,2015,5674252945,"c(-87.63313, 19.870533)",8,23.75,195,38,401,70.53377532958984,165.6547088623047,15.299999237060547,27.16666603088379,25.100000381469727
Icterus auratus,-87.33918,21.559175,1,2009,5663389650,"c(-87.33918, 21.559175)",1,22.933334350585938,172,29,368,68.01947784423828,188.1624755859375,15.399999618530273,26.983333587646484,24.100000381469727
Icterus auratus,-87.13098,21.227861,3,2001,5662723357,"c(-87.13098, 21.227861)",9,22.616666793823242,196,40,420,68.07170104980469,204.91082763671875,17.200000762939453,26.883333206176758,24.116666793823242
Icterus auratus,-89.6995,21.169056,10,2019,5662545205,"c(-89.6995, 21.169056)",5,23.233333587646484,140,20,256,65.57765197753906,196.41629028320313,17.600000381469727,27.38333511352539,25.450000762939453
Icterus auratus,-90.41526,20.626057,6,2017,5660820530,"c(-90.41526, 20.626057)",4,24.200000762939453,153,9,320,70.73644256591797,171.28965759277344,17.19999885559082,27.96666717529297,25.933334350585938
Icterus auratus,-89.93975,20.942171,5,2021,5660038128,"c(-89.93975, 20.942171)",7,23.600000381469727,164,18,323,68.09268951416016,188.99856567382813,18.700000762939453,27.5,25.83333396911621
Icterus auratus,-89.29449,21.339983,2,2018,5656617228,"c(-89.29449, 21.339983)",2,23.116666793823242,138,16,249,68.08943176269531,189.4609375,16.399999618530273,27.366666793823242,25.016666412353516
Icterus auratus,-87.12879,20.93675,12,2005,5656263015,"c(-87.12879, 20.93675)",16,22.883333206176758,201,43,416,66.51606750488281,201.08181762695313,16.600000381469727,27.03333282470703,24.350000381469727
Icterus auratus,-90.63848,19.191269,5,2024,5653505074,"c(-90.63848, 19.191269)",12,23.316667556762695,250,19,269,64.01909637451172,212.96026611328125,19.19999885559082,27.516666412353516,25.799999237060547
Icterus auratus,-87.67454,21.1223,3,2020,5650629567,"c(-87.67454, 21.1223)",16,22.78333282470703,179,40,447,71.07329559326172,188.6570587158203,19.10000228881836,27.116666793823242,24.399999618530273
Icterus auratus,-89.293564,21.14849,7,2024,5642730785,"c(-89.293564, 21.14849)",9,23.016666412353516,154,20,300,66.84027862548828,202.905029296875,19.19999885559082,27.21666717529297,25.366666793823242
Icterus auratus,-87.46343,21.12443,8,2017,5641081738,"c(-87.46343, 21.12443)",15,22.53333282470703,203,43,455,69.88536834716797,193.80706787109375,18.899999618530273,26.566667556762695,24.066665649414063
Icterus auratus,-86.83216,20.98665,7,2024,5640361980,"c(-86.83216, 20.98665)",6,23.616666793823242,196,40,390,64.161224365234375,198.03005981445313,15.299999237060547,27.616666793823242,25
Icterus auratus,-87.215996,20.616772,1,2005,5637882682,"c(-87.215996, 20.616772)",24,23.200000762939453,208,40,421,66.1324691772461,187.92327880859375,15.60000228881836,27.016666412353516,24.633333206176758
Icterus auratus,-88.47706,18.499718,1,2024,5636937270,"c(-88.47706, 18.499718)",15,23.450000762939453,184,23,477,69.60784149169922,166.75828552246094,15.299999237060547,27.366666793823242,25.21666717529297
Icterus auratus,-87.20631,20.84551,3,2024,5633149902,"c(-87.20631, 20.84551)",19,22.899999618530273,204,43,426,66.9697036743164,195.45205688476563,16.499998092651367,26.950000762939453,24.350000381469727
Icterus auratus,-90.13568,20.86555,11,2021,5631514944,"c(-90.13568, 20.86555)",6,23.950000762939453,146,12,301,69.98157501220703,177.23037719726563,18.10000228881836,27.650001525878906,26.03333282470703
Icterus auratus,-89.48922,20.538708,3,2020,5627668944,"c(-89.48922, 20.538708)",14,22.883333206176758,195,25,276,66.58914947509766,208.4230194091797,21.499998092651367,27.03333282470703,23.78333282470703
Icterus auratus,-87.57482,20.345404,7,2024,5621650099,"c(-87.57482, 20.345404)",21,23.116666793823242,185,41,388,70.57926940917969,175.90191650390625,16.399999618530273,26.733333587646484,24.516666412353516
Icterus auratus,-88.56188,19.390064,1,2024,5620133212,"c(-88.56188, 19.390064)",26,23.41666603088379,181,31,374,72.05615997314453,174.0314178466797,18.399999618530273,26.866666793823242,25.21666717529297
Icterus auratus,-89.48484,18.517132,12,2024,5618115792,"c(-89.48484, 18.517132)",283,22.149999618530273,190,23,343,70.07978057861328,188.64498901367188,18.80000114440918,25.600000381469727,24.366666793823242
Icterus auratus,-88.32094,21.348877,7,2024,5614776911,"c(-88.32094, 21.348877)",9,23.233333587646484,183,32,380,71.03387451171875,183.7735595703125,18.69999885559082,27.28333282470703,25.183334350585938
Icterus auratus,-88.63452,21.368711,1,2019,5612811198,"c(-88.63452, 21.368711)",5,23.183334350585938,162,25,350,70.67567443847656,182.7457733154297,18.5,27.16666603088379,25.133333206176758
Icterus auratus,-90.104706,20.239384,6,2020,5612214473,"c(-90.104706, 20.239384)",10,23.883333206176758,208,20,275,67.75544738769531,191.98721313476563,19.899999618530273,27.66666603088379,26.21666717529297
Icterus auratus,-89.59819,19.772701,11,2024,5609239712,"c(-89.59819, 19.772701)",123,22.700000762939453,202,25,281,66.99029541015625,204.27255249023438,20.599998474121094,26.833332061767578,23.600000381469727
Icterus auratus,-88.27765,18.51055,12,1987,5606054555,"c(-88.27765, 18.51055)",6,24.200000762939453,193,24,477,68.6032943725586,163.34744262695313,14.19999885559082,27.58333396911621,25.866666793823242
Icterus auratus,-89.8105,19.87197,1,2024,5605213928,"c(-89.8105, 19.87197)",102,22.91666603088379,203,21,275,65.36585235595703,208.38121032714844,20.5,27.03333282470703,23.816665649414063
Icterus auratus,-87.75977,21.43489,12,2021,5600979990,"c(-87.75977, 21.43489)",7,22.850000381469727,136,29,311,71.30149841308594,189.2504425048828,17.80000114440918,26.799999237060547,24.399999618530273
Icterus auratus,-89.02544,20.810747,8,2024,5597117367,"c(-89.02544, 20.810747)",17,23.016666412353516,180,20,361,68.028045654296875,198.19021606445313,20.200000762939453,27.08333396911621,25.316667556762695
Icterus auratus,-88.43552,20.793173,6,2018,5588416892,"c(-88.43552, 20.793173)",32,23.183332443237305,209,33,455,70.64102935791016,185.45347595214844,19.5,27.183334350585938,23.816667556762695
Icterus auratus,-87.06481,20.777596,12,2024,5578181290,"c(-87.06481, 20.777596)",8,23.25,202,41,410,64.86199188232422,196.54208374023438,15.700000762939453,27.233333587646484,24.71666717529297
Icterus auratus,-87.57079,21.164263,1,2024,5575725728,"c(-87.57079, 21.164263)",12,22.616666793823242,189,41,445,70.22570037841797,191.0655975341797,19.19999885559082,26.566665649414063,24.21666717529297
Icterus auratus,-90.220024,20.366755,8,2021,5575393163,"c(-90.220024, 20.366755)",5,24.25,184,16,247,69.401702880859375,178.6544952392578,19.500001907348633,27.78333282470703,26.46666717529297
Icterus auratus,-89.17713,20.857388,8,2024,5574058783,"c(-89.17713, 20.857388)",17,22.983333587646484,172,20,361,67.61083221435547,201.1722412109375,20.30000114440918,27.116666793823242,25.299999237060547
Icterus auratus,-89.06989,18.11049,7,2017,5572448510,"c(-89.06989, 18.11049)",137,22.649999618530273,205,30,436,73.41712951660156,167.93475341796875,17.900001525878906,26.16666603088379,24.383333206176758
Icterus auratus,-87.49018,20.814186,3,2024,5567311963,"c(-87.49018, 20.814186)",22,22.83333396911621,204,44,458,70.41199493408203,188.45465087890625,17.799999237060547,26.666667938232422,24.350000381469727
Icterus auratus,-89.52755,20.897573,8,2024,5564276943,"c(-89.52755, 20.897573)",14,23.049999237060547,171,23,239,66.41666412353516,202.2412567138672,20.000001907348633,27.133333206176758,25.433334350585938
Icterus auratus,-89.78773,20.410702,8,2022,5552263952,"c(-89.78773, 20.410702)",55,22.766666412353516,199,24,285,66.78348541259766,209.53907775878906,21.400001525878906,26.96666717529297,23.649999618530273
Icterus auratus,-87.133965,20.687328,11,2024,5551778466,"c(-87.133965, 20.687328)",15,23.25,208,41,420,65.80644989013672,192.35975646972656,15.5,27.149999618530273,24.683334350585938
Icterus auratus,-87.6309,18.976353,1,2004,5550505824,"c(-87.6309, 18.976353)",6,24.450000762939453,215,33,425,69.61943054199219,150.4104461669922,12.69999885559082,26.78333282470703,25.683334350585938
Icterus auratus,-88.130875,21.47455,12,2020,5549851136,"c(-88.130875, 21.47455)",4,23.299999237060547,156,23,295,71.421844482421875,177.66319274902344,17.700000762939453,26.883333206176758,25.099998474121094
Icterus auratus,-89.89499,20.67082,9,2024,5533150624,"c(-89.89499, 20.67082)",11,23.516666412353516,181,22,264,68.58333587646484,191.0001220703125,19.999998092651367,27.366666793823242,25.816665649414063
Icterus auratus,-87.770935,18.601515,5,2024,5528244735,"c(-87.770935, 18.601515)",11,24.383333206176758,222,27,420,67.6912612915039,153.8612823486328,12.19999885559082,26.71666717529297,25.816665649414063
Icterus auratus,-87.8465,21.1173,1,2015,5526428046,"c(-87.8465, 21.1173)",17,22.983333587646484,161,38,380,71.68412780761719,183.58126831054688,19.099998474121094,27.149999618530273,23.483333587646484
Icterus auratus,-88.09009,20.967875,3,2024,5526064053,"c(-88.09009, 20.967875)",22,23.16666603088379,193,39,444,71.89118957519531,183.12265014648438,19.299999237060547,27.233333587646484,23.71666717529297
Icterus auratus,-89.41699,18.588762,10,2016,5524423294,"c(-89.41699, 18.588762)",266,22.066667556762695,179,22,337,70.26412200927734,184.52793884277344,18.299999237060547,25.516666412353516,24.266666412353516
Icterus auratus,-90.23063,19.59715,6,2024,5523553431,"c(-90.23063, 19.59715)",29,23.600000381469727,242,23,294,64.0625,214.2441864013672,20.799999237060547,27.71666717529297,26.149999618530273
Icterus auratus,-87.995255,20.658453,2,2011,5519886368,"c(-87.995255, 20.658453)",22,23.28333282470703,172,39,382,71.416229248046875,183.26580810546875,19.299999237060547,27.350000381469727,23.78333282470703
Icterus auratus,-88.478096,18.229753,5,2021,5509370538,"c(-88.478096, 18.229753)",9,23.483333587646484,223,27,492,68.3226547241211,174.0879669189453,15.599998474121094,27.483333587646484,25.299999237060547
Icterus auratus,-90.09912,20.742002,4,2024,5497825370,"c(-90.09912, 20.742002)",7,23.983333587646484,155,14,216,70.78853607177734,174.6490020751953,18.599998474121094,27.58333396911621,26.116666793823242
Icterus auratus,-88.81352,20.799849,11,2008,5489503652,"c(-88.81352, 20.799849)",27,23.03333282470703,194,25,394,69.26020050048828,190.74168395996094,19.600000381469727,27.03333282470703,23.766666412353516
Icterus auratus,-89.97602,21.10288,5,2024,5461654221,"c(-89.97602, 21.10288)",4,23.5,129,14,238,67.34893035888672,189.98007202148438,17.099998474121094,27.616666793823242,25.566665649414063
Icterus auratus,-87.88788,18.771114,1,2015,5459587072,"c(-87.88788, 18.771114)",1,24.383333206176758,216,32,436,69.80769348144531,151.61441040039063,13,26.816665649414063,25.66666603088379
Icterus auratus,-87.61745,20.076187,9,2024,5455794896,"c(-87.61745, 20.076187)",14,23.633333206176758,187,37,390,71.42857360839844,164.51490783691406,15.399999618530273,27.03333282470703,24.983333587646484
Icterus auratus,-87.73706,18.707281,2,2024,5440127405,"c(-87.73706, 18.707281)",13,24.399999618530273,219,29,422,68.81719970703125,152.81204223632813,12.400001525878906,26.733333587646484,25.799999237060547
Icterus auratus,-88.17311,20.56638,5,2021,5439258735,"c(-88.17311, 20.56638)",25,23.299999237060547,191,35,400,71.30101776123047,182.53839111328125,19.600000381469727,27.28333282470703,23.850000381469727
Icterus auratus,-89.71183,20.594984,5,2024,5430152920,"c(-89.71183, 20.594984)",14,23.016666412353516,193,24,270,67.38094329833984,205.88319396972656,21.000001907348633,27.133333206176758,25.483333587646484
Icterus auratus,-92.24068,18.629314,3,2024,5427093277,"c(-92.24068, 18.629314)",2,23.899999618530273,256,27,397,62.370601654052734,203.88414001464844,16.099998474121094,27.71666717529297,26.183334350585938
Icterus auratus,-90.22571,19.96524,2,2024,5426600991,"c(-90.22571, 19.96524)",22,23.733333587646484,238,19,277,65.68876647949219,201.7137908935547,19.60000228881836,27.683334350585938,26.133333206176758
Icterus auratus,-90.747185,19.320875,4,2024,5417089933,"c(-90.747185, 19.320875)",1,23.433334350585938,249,16,269,64.45671844482422,203.73777770996094,18.100000381469727,27.549999237060547,25.733333587646484
Icterus auratus,-87.41551,21.346544,7,2017,5413742465,"c(-87.41551, 21.346544)",17,22.383333206176758,197,35,451,69.69274139404297,197.17849731445313,17.899999618530273,26.96666717529297,23.799999237060547
Icterus auratus,-88.234215,21.413143,1,2016,5411232215,"c(-88.234215, 21.413143)",7,23.28333282470703,175,27,343,71.12932586669922,180.94447326660156,18.299999237060547,27.316665649414063,25.16666603088379
Icterus auratus,-89.60674,20.581915,12,2021,5406467779,"c(-89.60674, 20.581915)",15,22.983333587646484,193,25,270,67.09703063964844,205.61944580078125,21.299999237060547,27.049999237060547,23.883333206176758
Icterus auratus,-88.45848,20.671953,6,2024,5405238338,"c(-88.45848, 20.671953)",33,23.233333587646484,208,31,436,70.25000762939453,188.08644104003906,19.999998092651367,27.25,23.866666793823242
Icterus auratus,-87.22299,20.50596,5,2024,5402696176,"c(-87.22299, 20.50596)",3,23.600000381469727,215,36,414,66.55554962158203,178.18531799316406,15.000001907348633,27.16666603088379,25.03333282470703
Icterus auratus,-89.03126,21.28115,5,2024,5398226746,"c(-89.03126, 21.28115)",4,23.100000381469727,149,19,295,69.25438690185547,188.56063842773438,19,27.100000381469727,25.233333587646484
Icterus auratus,-90.41323,20.088066,6,1999,5396959089,"c(-90.41323, 20.088066)",6,23.850000381469727,214,16,398,66.53153228759766,196.47413635253906,18.5,27.933334350585938,26.016666412353516
Icterus auratus,-87.64328,21.456984,2,2016,5395797675,"c(-87.64328, 21.456984)",8,22.78333282470703,144,29,318,70.279388427734375,188.79351806640625,17.299999237060547,26.766666412353516,24.21666717529297
Icterus auratus,-88.001305,21.138948,5,2014,5373447650,"c(-88.001305, 21.138948)",24,23.03333282470703,168,37,404,71.28669738769531,186.85342407226563,19.30000114440918,27.21666717529297,23.58333396911621
Icterus auratus,-88.29868,20.996502,2,2014,5370039656,"c(-88.29868, 20.996502)",27,23.100000381469727,214,36,484,70.76923370361328,184.89964294433594,19.499998092651367,27.133333206176758,23.700000762939453
Icterus auratus,-89.300285,20.947367,12,2024,5367324039,"c(-89.300285, 20.947367)",16,22.91666603088379,166,20,234,66.877105712890625,203.39308166503906,19.799999237060547,27.049999237060547,25.299999237060547
Icterus auratus,-89.81081,21.026741,10,2024,5363561774,"c(-89.81081, 21.026741)",7,23.266666412353516,155,20,307,66.98717498779297,194.66900634765625,18.200000762939453,27.316667556762695,25.516666412353516
Icterus auratus,-88.16082,21.097563,2,2024,5363273725,"c(-88.16082, 21.097563)",23,23.100000381469727,205,39,471,71.34880065917969,185.35133361816406,19.399999618530273,27.21666717529297,23.683332443237305
Icterus auratus,-87.0536,21.009432,6,2022,5362369178,"c(-87.0536, 21.009432)",18,22.883333206176758,197,42,408,66.31526184082031,202.68043518066406,16.600000381469727,27.066667556762695,24.383333206176758
Icterus auratus,-87.203125,21.00894,5,2008,5361999069,"c(-87.203125, 21.00894)",10,22.78333282470703,202,43,428,68.79845428466797,200.6107940673828,17.19999885559082,26.933332443237305,24.333332061767578
Icterus auratus,-89.62673,20.74436,10,2024,5360657954,"c(-89.62673, 20.74436)",15,23.133333206176758,183,24,254,67.15210723876953,201.90380859375,20.599998474121094,27.116666793823242,25.549999237060547
Icterus auratus,-90.868095,18.615746,1,2024,5356604501,"c(-90.868095, 18.615746)",53,23.600000381469727,257,22,308,64.74037170410156,210.75442504882813,19.899999618530273,27.616666793823242,26.16666603088379
Icterus auratus,-87.74599,20.800493,6,2021,5339307284,"c(-87.74599, 20.800493)",22,23.133333206176758,172,43,438,72.31182861328125,181.6777801513672,18.599998474121094,27.266666412353516,23.58333396911621
Icterus auratus,-88.468765,21.173319,6,2024,5334745355,"c(-88.468765, 21.173319)",12,23.399999618530273,199,36,458,71.1139907836914,176.04396057128906,19.299999237060547,27.149999618530273,25.33333396911621
Icterus auratus,-87.662224,20.594604,4,2012,5329731161,"c(-87.662224, 20.594604)",20,22.933332443237305,187,44,421,71.52381134033203,182.1837615966797,17.5,26.616666793823242,24.399999618530273
Icterus auratus,-89.80561,18.109438,12,2022,5327279705,"c(-89.80561, 18.109438)",244,22.700000762939453,231,29,389,68.53741455078125,202.67901611328125,19.599998474121094,26.383333206176758,25.049999237060547
Icterus auratus,-89.48223,19.976543,1,2024,5321575179,"c(-89.48223, 19.976543)",158,22.399999618530273,198,23,388,67.93650817871094,200.9730224609375,21,26.5,23.266666412353516
Icterus auratus,-87.49723,20.290648,2,2024,5313092884,"c(-87.49723, 20.290648)",19,23.316665649414063,194,39,377,70.382171630859375,169.44876098632813,15.69999885559082,26.799999237060547,24.733333587646484
Icterus auratus,-90.36129,19.921185,12,2017,5310298994,"c(-90.36129, 19.921185)",3,23.766666412353516,234,17,260,65.41450500488281,204.2887725830078,19.30000114440918,27.883333206176758,26.116666793823242
Icterus auratus,-90.39653,19.407722,4,2024,5303566586,"c(-90.39653, 19.407722)",16,23.450000762939453,255,19,287,63.75000762939453,215.34854125976563,19.999998092651367,27.633333206176758,25.96666717529297
Icterus auratus,-89.25293,18.16249,4,2022,5219274351,"c(-89.25293, 18.16249)",232,22.399999618530273,211,30,413,72.50000762939453,181.57717895507813,19,26,24.366666793823242
Icterus auratus,-89.63881,20.870136,3,2023,4844945929,"c(-89.63881, 20.870136)",13,23.200000762939453,176,23,242,67.21379852294922,199.02175903320313,19.80000114440918,27.200000762939453,25.566665649414063
Icterus auratus,-88.75811,19.276339,10,2023,4842132680,"c(-88.75811, 19.276339)",74,23.183332443237305,162,24,345,72.40437316894531,170.5539093017578,18.299999237060547,27.016666412353516,25.05000114440918
Icterus auratus,-87.85459,18.89773,12,2023,4842027220,"c(-87.85459, 18.89773)",4,24.183334350585938,214,35,438,70.55961608886719,154.43934631347656,13.69999885559082,26.600000381469727,25.516666412353516
Icterus auratus,-90.653725,18.77956,5,2023,4838046789,"c(-90.653725, 18.77956)",80,23.149999618530273,254,20,288,64.54081726074219,215.51734924316406,19.600000381469727,27.350000381469727,25.733333587646484
Icterus auratus,-88.25146,21.508018,12,2023,4826906403,"c(-88.25146, 21.508018)",4,23.33333396911621,150,21,286,71.36627960205078,177.4242401123047,17.200000762939453,26.933334350585938,25.100000381469727
Icterus auratus,-89.42621,20.905586,7,2023,4826124918,"c(-89.42621, 20.905586)",16,23.049999237060547,169,22,236,66.91667175292969,201.23294067382813,20,27.08333396911621,25.433334350585938
Icterus auratus,-88.284325,21.244473,1,2023,4820399050,"c(-88.284325, 21.244473)",13,23.149999618530273,197,35,429,70.703125,186.44346618652344,19.19999885559082,27.233333587646484,25.08333396911621
Icterus auratus,-90.07643,18.175377,5,2023,4814672558,"c(-90.07643, 18.175377)",184,22.950000762939453,240,31,298,66.91791534423828,209.22837829589844,19.900001525878906,26.69999885559082,25.349998474121094
Icterus auratus,-89.31491,19.234524,5,2023,4812750242,"c(-89.31491, 19.234524)",126,22.78333282470703,146,11,311,69.30485534667969,194.68460083007813,19.900001525878906,26.850000381469727,25.16666603088379
Icterus auratus,-87.70684,21.2258,4,2023,4811359059,"c(-87.70684, 21.2258)",14,22.75,164,36,357,71.075836181640625,187.6832275390625,18.899999618530273,27.066665649414063,24.350000381469727
Icterus auratus,-89.26923,21.05237,10,2023,4802851492,"c(-89.26923, 21.05237)",10,23.049999237060547,161,20,324,67.22222137451172,202.06277465820313,19.5,27.200000762939453,25.350000381469727
Icterus auratus,-86.96902,20.475193,10,2023,4801562130,"c(-86.96902, 20.475193)",6,23.983333587646484,242,33,428,62.59541702270508,179.41192626953125,13.100000381469727,27.600000381469727,25.266666412353516
Icterus auratus,-89.86775,20.758156,3,2023,4798904076,"c(-89.86775, 20.758156)",12,23.450000762939453,179,22,251,68.579925537109375,191.07899475097656,19.60000228881836,27.316667556762695,25.75
Icterus auratus,-88.23861,18.720093,4,2023,4792188075,"c(-88.23861, 18.720093)",8,23.933334350585938,186,29,440,70.05953216552734,158.2210235595703,13.999998092651367,27.25,25.5
Icterus auratus,-89.83825,21.248886,3,2023,4791308680,"c(-89.83825, 21.248886)",2,23.433332443237305,124,16,212,66.6122055053711,185.69842529296875,15.299999237060547,27.200000762939453,25.25
Icterus auratus,-88.23001,18.593857,9,2023,4790508892,"c(-88.23001, 18.593857)",6,23.983333587646484,191,25,457,67.84825134277344,162.22122192382813,13.400001525878906,27.350000381469727,25.58333396911621
Icterus auratus,-87.99914,21.400265,8,2023,4787364012,"c(-87.99914, 21.400265)",10,23.116666793823242,148,30,309,71.150360107421875,182.4886016845703,18.400001525878906,26.78333282470703,24.883333206176758
Icterus auratus,-88.056435,21.59329,3,1994,4781405398,"c(-88.056435, 21.59329)",3,23.21666717529297,126,20,263,71.666656494140625,176.46949768066406,15.500001907348633,26.96666717529297,24.700000762939453
Icterus auratus,-89.717575,21.079395,1,2023,4777225646,"c(-89.717575, 21.079395)",6,23.233333587646484,152,21,299,65.85145568847656,196.8597869873047,18.39999771118164,27.28333282470703,25.53333282470703
Icterus auratus,-88.16584,18.925327,9,2004,4772039117,"c(-88.16584, 18.925327)",5,23.933334350585938,206,38,451,72.43150329589844,152.54592895507813,14.600000381469727,27.183334350585938,25.316667556762695
Icterus auratus,-88.307625,21.109913,1,2023,4770552873,"c(-88.307625, 21.109913)",23,23.100000381469727,210,37,475,71.00694274902344,183.5054168701172,19.200000762939453,27.116666793823242,23.71666717529297
Icterus auratus,-87.32119,21.407642,6,2023,4769471017,"c(-87.32119, 21.407642)",10,22.549999237060547,190,35,421,69.364166259765625,197.70846557617188,17.299999237060547,27.16666603088379,23.950000762939453
Icterus auratus,-86.94963,20.768934,12,2023,4765732190,"c(-86.94963, 20.768934)",3,23.58333396911621,203,38,400,64.1498794555664,194.8362579345703,14.900001525878906,27.483333587646484,25.049999237060547
Icterus auratus,-87.58147,19.081087,12,2023,4744761193,"c(-87.58147, 19.081087)",10,24.366666793823242,214,34,424,69.642852783203125,151.5844268798828,12.600000381469727,26.700000762939453,25.600000381469727
Icterus auratus,-88.9178,19.85503,4,2023,4729214097,"c(-88.9178, 19.85503)",43,23.100000381469727,206,29,419,69.31644439697266,199.53875732421875,21.69999885559082,27.28333282470703,23.899999618530273
Icterus auratus,-88.86095,19.927872,9,2023,4727066113,"c(-88.86095, 19.927872)",36,23.233333587646484,210,27,426,69.6483154296875,196.70582580566406,21.80000114440918,27.349998474121094,24
Icterus auratus,-87.609,21.361,3,2023,4726600176,"c(-87.609, 21.361)",13,22.53333282470703,161,33,373,70.716949462890625,190.86473083496094,17.89999771118164,26.549999237060547,24.05000114440918
Icterus auratus,-89.88198,20.485258,10,2023,4725472292,"c(-89.88198, 20.485258)",34,23.183332443237305,192,23,282,67.71845245361328,200.28768920898438,20.599998474121094,27.183334350585938,24.016666412353516
Icterus auratus,-87.951164,20.799763,3,2023,4713067283,"c(-87.951164, 20.799763)",21,23.366666793823242,164,38,378,72.56944274902344,179.5511932373047,19.200000762939453,27.366666793823242,23.866666793823242
Icterus auratus,-89.74153,20.789938,4,2023,4712929427,"c(-89.74153, 20.789938)",14,23.233333587646484,181,23,250,67.375,198.1213836669922,20,27.21666717529297,25.600000381469727
Icterus auratus,-89.58871,20.488605,3,2023,4704758931,"c(-89.58871, 20.488605)",22,22.766666412353516,198,24,277,66.82027435302734,211.68516540527344,21.69999885559082,26.983333587646484,23.683332443237305
Icterus auratus,-87.4427,20.185734,12,2023,4701539783,"c(-87.4427, 20.185734)",8,23.78333282470703,204,35,371,70.66442108154297,160.13430786132813,14.799999237060547,27.049999237060547,25.116666793823242
Icterus auratus,-88.65388,20.59693,1,2023,4687889272,"c(-88.65388, 20.59693)",28,23.21666717529297,206,30,421,70.08332824707031,188.28170776367188,20,27.21666717529297,23.91666603088379
Icterus auratus,-89.01852,20.935822,2,2023,4674856184,"c(-89.01852, 20.935822)",16,23.03333282470703,179,21,362,68.41666412353516,197.27500915527344,20,27.100000381469727,25.333332061767578
Icterus auratus,-90.319786,19.026741,2,2023,4666624624,"c(-90.319786, 19.026741)",48,23.183334350585938,250,18,269,64.460784912109375,219.343017578125,20.399999618530273,27.483333587646484,25.78333282470703
Icterus auratus,-88.395966,18.095745,4,2023,4655511622,"c(-88.395966, 18.095745)",24,23.53333282470703,236,33,558,67.99516296386719,167.52658081054688,13.80000114440918,27.049999237060547,25.183334350585938
Icterus auratus,-88.34524,20.541348,6,2022,4655267621,"c(-88.34524, 20.541348)",28,23.30000114440918,203,33,418,71.023681640625,183.2591094970703,19.700000762939453,27.266666412353516,23.899999618530273
Icterus auratus,-90.27192,18.63451,7,2023,4653147376,"c(-90.27192, 18.63451)",64,23.483333587646484,247,21,274,65.5887222290039,211.99627685546875,20.100000381469727,27.133333206176758,24.33333396911621
Icterus auratus,-88.22438,17.513975,3,2023,4643254365,"c(-88.22438, 17.513975)",4,24.149999618530273,243,46,558,63.30531311035156,157.69650268554688,11.900001525878906,27.299999237060547,25.700000762939453
Icterus auratus,-86.9408,20.937183,9,2023,4618986764,"c(-86.9408, 20.937183)",8,23.266666412353516,195,44,391,63.83647155761719,201.19903564453125,15.900001525878906,27.383333206176758,24.71666717529297
Icterus auratus,-89.545441,20.085599,10,2008,4459325337,"c(-89.545441, 20.085599)",123,22.516666412353516,200,22,287,67.13836669921875,204.98707580566406,21.200000762939453,26.649999618530273,23.41666603088379
Icterus auratus,-87.593704,19.779928,11,2022,4390329668,"c(-87.593704, 19.779928)",3,24.016666412353516,200,35,406,70.12471771240234,160.17213439941406,14.69999885559082,27.316667556762695,25.366666793823242
Icterus auratus,-86.895256,20.537281,7,2022,4386266237,"c(-86.895256, 20.537281)",9,23.950000762939453,237,32,425,60.89744186401367,184.66183471679688,12.999998092651367,27.66666603088379,25.233333587646484
Icterus auratus,-89.8684,20.091715,8,2022,4381358225,"c(-89.8684, 20.091715)",96,23,203,22,279,66.103057861328125,205.91629028320313,20.700000762939453,27.016666412353516,25.53333282470703
Icterus auratus,-88.5806,21.1147,12,2016,4380606445,"c(-88.5806, 21.1147)",11,23.46666717529297,202,39,478,71.50960540771484,170.48670959472656,19.099998474121094,27.03333282470703,25.366666793823242
Icterus auratus,-88.413475,21.374722,10,2018,4368556024,"c(-88.413475, 21.374722)",7,23.30000114440918,174,29,367,70.721923828125,182.72503662109375,18.700000762939453,27.28333282470703,25.266666412353516
Icterus auratus,-89.024734,18.314789,3,2022,4367493196,"c(-89.024734, 18.314789)",153,22.399999618530273,195,27,482,73.10606384277344,168.39483642578125,17.599998474121094,26.30000114440918,24.21666717529297
Icterus auratus,-87.433304,21.210438,5,2022,4366223552,"c(-87.433304, 21.210438)",16,22.433334350585938,201,39,455,69.79166412353516,196.33526611328125,18.400001525878906,26.549999237060547,23.91666603088379
Icterus auratus,-88.59361,19.497042,4,2022,4365935306,"c(-88.59361, 19.497042)",30,23.33333396911621,181,32,377,71.25221252441406,179.6629638671875,18.89999771118164,26.833332061767578,25.183334350585938
Icterus auratus,-87.73745,21.525213,7,2022,4360236625,"c(-87.73745, 21.525213)",2,22.94999885559082,131,25,278,70.063690185546875,187.46311950683594,15.700000762939453,26.94999885559082,24.266666412353516
Icterus auratus,-88.19902,18.209017,6,2022,4351785947,"c(-88.19902, 18.209017)",11,24.03333282470703,228,29,496,65.67459869384766,160.36122131347656,12.600000381469727,27.41666603088379,25.566665649414063
Icterus auratus,-88.15812,21.599075,3,2022,4348110325,"c(-88.15812, 21.599075)",1,23.25,122,17,253,70.94017028808594,175.83567810058594,15.600000381469727,26.933334350585938,24.850000381469727
Icterus auratus,-88.04199,19.486948,6,2022,4346752147,"c(-88.04199, 19.486948)",16,23.766666412353516,211,38,458,70.59748077392578,169.07672119140625,15.900001525878906,27.233333587646484,25.200000762939453
Icterus auratus,-87.393036,20.457613,4,2022,4337464953,"c(-87.393036, 20.457613)",9,23.233333587646484,198,41,400,68.54166412353516,178.75624084472656,16,26.899999618530273,24.649999618530273
Icterus auratus,-86.945076,21.255795,10,2022,4329627826,"c(-86.945076, 21.255795)",11,22.83333396911621,192,40,403,66.20934295654297,208.38621520996094,16.400001525878906,27.116666793823242,24.299999237060547
Icterus auratus,-88.47099,18.403303,5,2022,4323298589,"c(-88.47099, 18.403303)",12,23.46666717529297,201,23,511,68.4523696899414,172.03933715820313,15.400001525878906,27.516666412353516,25.266666412353516
Icterus auratus,-87.75384,21.34191,2,2022,4319349539,"c(-87.75384, 21.34191)",13,22.78333282470703,146,32,356,71.33152770996094,187.77960205078125,18.39999771118164,26.650001525878906,24.366666793823242
Icterus auratus,-88.76739,18.660864,5,2005,4310136713,"c(-88.76739, 18.660864)",78,22.75,153,11,387,72.767852783203125,158.83274841308594,16.80000114440918,26.16666603088379,24.600000381469727
Icterus auratus,-89.16951,21.34901,1,2022,4309537865,"c(-89.16951, 21.34901)",2,23.100000381469727,139,16,260,69.26470184326172,186.3825225830078,17,27.25,25.016666412353516
Icterus auratus,-88.22303,20.464573,8,2022,4305169896,"c(-88.22303, 20.464573)",25,23.350000381469727,195,36,399,70.76988220214844,181.45193481445313,19.69999885559082,27.316665649414063,23.91666603088379
Icterus auratus,-90.08282,20.59659,9,2022,4302019385,"c(-90.08282, 20.59659)",9,24,164,16,386,71.1605453491211,175.42752075195313,19.10000228881836,27.600000381469727,26.149999618530273
Icterus auratus,-88.73074,20.706907,1,2022,4295948768,"c(-88.73074, 20.706907)",28,23.16666603088379,200,28,411,69.5,189.88436889648438,20,27.133333206176758,23.883333206176758
Icterus auratus,-87.349174,21.274958,5,2022,4294262202,"c(-87.349174, 21.274958)",8,22.516666412353516,200,38,448,69.3031997680664,197.2864990234375,17.700000762939453,26.683332443237305,23.950000762939453
Icterus auratus,-87.526825,20.897635,10,1991,4276613166,"c(-87.526825, 20.897635)",22,22.83333396911621,207,44,475,70.92491149902344,185.80853271484375,18.19999885559082,26.649999618530273,24.33333396911621
Icterus auratus,-89.40552,18.301607,4,2015,4273403537,"c(-89.40552, 18.301607)",253,22.450000762939453,209,27,377,70.76856231689453,191.7043914794922,19.30000114440918,26.016666412353516,24.66666603088379
Icterus auratus,-92.09102,18.25438,11,2022,4272775396,"c(-92.09102, 18.25438)",5,23.91666603088379,306,35,507,62.52408218383789,204.8595428466797,17.30000114440918,27.75,26.299999237060547
Icterus auratus,-90.47684,19.873909,9,2022,4271397722,"c(-90.47684, 19.873909)",5,23.83333396911621,230,16,410,65.83333587646484,200.02272033691406,18,27.96666717529297,25.983333587646484
Icterus auratus,-87.55206,20.172508,8,2022,4265165210,"c(-87.55206, 20.172508)",11,23.516666412353516,191,38,378,70.6196517944336,166.5674285888672,15.60000228881836,26.916667938232422,24.900001525878906
Icterus auratus,-90.21302,20.681189,4,2022,4260951815,"c(-90.21302, 20.681189)",4,24.483333587646484,139,11,312,72.52251434326172,163.85740661621094,18.500001907348633,27.866666793823242,26.44999885559082
Icterus auratus,-88.775604,19.878832,8,2022,4252670678,"c(-88.775604, 19.878832)",14,23.366666793823242,214,30,435,69.575469970703125,194.39881896972656,21.19999885559082,27.483333587646484,24.08333396911621
Icterus auratus,-90.449234,19.509584,1,2022,4244771998,"c(-90.449234, 19.509584)",49,23.299999237060547,254,18,289,63.959388732910156,213.6887664794922,19.700000762939453,27.483333587646484,25.799999237060547
Icterus auratus,-88.0301,19.583,6,2022,4243530330,"c(-88.0301, 19.583)",15,23.78333282470703,213,38,450,70.02031707763672,172.33688354492188,16.400001525878906,27.266666412353516,25.28333282470703
Icterus auratus,-89.794075,20.294176,8,2022,4231485716,"c(-89.794075, 20.294176)",95,22.616666793823242,202,22,285,66.66666412353516,205.02037048339844,20.900001525878906,26.71666717529297,23.483333587646484
Icterus auratus,-88.46017,19.362133,2,2022,4221850145,"c(-88.46017, 19.362133)",28,23.58333396911621,188,33,390,73.19046783447266,165.9197235107422,17.500001907348633,26.883333206176758,25.21666717529297
Icterus auratus,-89.10429,18.44705,4,2022,4218302019,"c(-89.10429, 18.44705)",134,22.516666412353516,184,24,384,72.31329345703125,173.64845275878906,18.30000114440918,26.049999237060547,24.5
Icterus auratus,-88.147835,21.356417,10,2018,4208489304,"c(-88.147835, 21.356417)",9,23.28333282470703,186,31,373,71.05035400390625,183.8369598388672,19.19999885559082,27.366666793823242,25.166667938232422
Icterus auratus,-90.69931,19.528841,5,2022,4207767908,"c(-90.69931, 19.528841)",0,23.649999618530273,238,15,261,64.03985595703125,203.71920776367188,18.399999618530273,27.683334350585938,25.983333587646484
Icterus auratus,-88.93462,19.629251,1,2022,4195595686,"c(-88.93462, 19.629251)",61,23.03333282470703,185,27,383,69.89379119873047,191.45919799804688,20.399999618530273,27.149999618530273,23.799999237060547
Icterus auratus,-90.43779,19.639183,9,2022,4190806280,"c(-90.43779, 19.639183)",29,23.516666412353516,248,19,280,64.44444274902344,210.7058868408203,19.5,27.616666793823242,25.96666717529297
Icterus auratus,-89.29372,18.805412,1,2022,4185915860,"c(-89.29372, 18.805412)",214,22.233333587646484,161,16,328,70.8791275024414,179.32322692871094,18.19999885559082,26.133333206176758,24.350000381469727
Icterus auratus,-88.083305,19.72291,2,2008,4179329856,"c(-88.083305, 19.72291)",21,23.666667938232422,208,38,445,71.03175354003906,170.7314910888672,16.799999237060547,27.133333206176758,25.116666793823242
Icterus auratus,-90.365,19.818333,12,1961,4168678163,"c(-90.365, 19.818333)",13,23.600000381469727,239,18,264,64.16667175292969,214.19862365722656,19.999998092651367,27.799999237060547,26.133333206176758
Icterus auratus,-87.775192,19.352836,5,2008,3822106409,"c(-87.775192, 19.352836)",1,24.33333396911621,210,36,437,69.580413818359375,157.54989624023438,14.30000114440918,27.633333206176758,25.549999237060547
Icterus auratus,-87.91155,18.007843,12,2021,3692522540,"c(-87.91155, 18.007843)",3,24.683332443237305,208,35,412,64.09090423583984,151.99432373046875,11,27,26.066665649414063
Icterus auratus,-87.47884,20.07021,1,2019,3686951897,"c(-87.47884, 20.07021)",1,24.03333282470703,202,34,381,70.97505187988281,158.94540405273438,14.700000762939453,27.299999237060547,25.299999237060547
Icterus auratus,-88.400024,19.502224,2,2021,3684246463,"c(-88.400024, 19.502224)",29,23.53333282470703,210,33,414,71.5823974609375,172.2197723388672,17.799999237060547,26.96666717529297,25.183332443237305
Icterus auratus,-89.595345,21.150202,5,2021,3681582065,"c(-89.595345, 21.150202)",7,23.183332443237305,146,22,272,65.60772705078125,196.41241455078125,18.10000228881836,27.25,25.433332443237305
Icterus auratus,-89.5791,20.99694,5,2021,3677054636,"c(-89.5791, 20.99694)",10,23.78333282470703,161,23,345,68.9354248046875,192.28688049316406,19.100000381469727,27.78333282470703,25.916667938232422
Icterus auratus,-89.18332,21.231054,4,2021,3676368288,"c(-89.18332, 21.231054)",8,23.016666412353516,150,18,291,67.62653350830078,197.2404327392578,19.099998474121094,27.183334350585938,25.266666412353516
Icterus auratus,-88.25693,20.23723,4,2021,3670057799,"c(-88.25693, 20.23723)",31,23.299999237060547,197,35,390,70.74916076660156,184.17044067382813,19.799999237060547,26.83333396911621,23.866666793823242
Icterus auratus,-90.61945,19.791609,1,2021,3667704842,"c(-90.61945, 19.791609)",21,23.700000762939453,226,15,250,64.9906997680664,200.15713500976563,17.89999771118164,27.733333587646484,25.933334350585938
Icterus auratus,-89.853546,18.310452,1,2021,3664464391,"c(-89.853546, 18.310452)",207,22.799999237060547,223,27,357,68.17420959472656,205.3489227294922,19.89999771118164,26.5,25.16666603088379
Icterus auratus,-90.37666,20.53573,1,2020,3660001266,"c(-90.37666, 20.53573)",7,24.16666603088379,159,10,334,70.99812316894531,172.97967529296875,17.69999885559082,27.91666603088379,26
Icterus auratus,-89.830025,19.741692,12,2021,3655629833,"c(-89.830025, 19.741692)",69,23.100000381469727,210,23,279,65.21739196777344,212.1570281982422,20.69999885559082,27.266666412353516,24.066667556762695
Icterus auratus,-87.34814,21.018095,5,2021,3654958987,"c(-87.34814, 21.018095)",13,22.683332443237305,206,45,450,69.47565460205078,195.63221740722656,17.799999237060547,26.75,24.200000762939453
Icterus auratus,-87.921745,20.893639,5,2021,3653365604,"c(-87.921745, 20.893639)",21,23.316665649414063,161,39,378,72.89473724365234,177.50587463378906,19,27.299999237060547,23.816667556762695
Icterus auratus,-87.1746,21.11125,11,2004,3637286032,"c(-87.1746, 21.11125)",11,22.71666717529297,200,42,426,68.48039245605469,200.30044555664063,17,26.883333206176758,24.19999885559082
Icterus auratus,-88.10877,19.022047,6,2021,3625537624,"c(-88.10877, 19.022047)",8,23.899999618530273,213,36,467,72.95699310302734,156.55560302734375,15.5,27.200000762939453,25.350000381469727
Icterus auratus,-86.793175,21.14801,10,2021,3624646561,"c(-86.793175, 21.14801)",3,23.816667556762695,195,38,395,65.651702880859375,196.134521484375,15.600000381469727,27.850000381469727,25.100000381469727
Icterus auratus,-88.166145,20.054943,5,2021,3611748695,"c(-88.166145, 20.054943)",28,23.483333587646484,196,37,382,71.14361572265625,174.78720092773438,18.799999237060547,26.899999618530273,23.983333587646484
Icterus auratus,-87.3233,20.918785,3,2021,3610240998,"c(-87.3233, 20.918785)",18,22.766666412353516,206,46,444,69.62208557128906,193.49801635742188,17.200000762939453,26.78333282470703,24.25
Icterus auratus,-87.81211,20.003881,10,2020,3590109201,"c(-87.81211, 20.003881)",10,23.53333282470703,194,39,410,70.6087875366211,170.63328552246094,16.69999885559082,27.016666412353516,24.983333587646484
Icterus auratus,-90.191925,20.142101,9,2021,3576677629,"c(-90.191925, 20.142101)",5,24.066665649414063,217,19,272,67.47039031982422,189.24642944335938,19.700000762939453,27.75,26.399999618530273
Icterus auratus,-88.262665,19.4504,2,2021,3573478654,"c(-88.262665, 19.4504)",37,23.599998474121094,202,35,476,72.15568542480469,165.8975067138672,16.700000762939453,26.96666717529297,25.116666793823242
Icterus auratus,-89.08775,20.032965,10,2021,3563238083,"c(-89.08775, 20.032965)",119,22.616666793823242,204,27,410,69.17057800292969,198.1734619140625,21.299999237060547,26.78333282470703,23.399999618530273
Icterus auratus,-88.46346,18.749603,4,2021,3554508299,"c(-88.46346, 18.749603)",29,23.383333206176758,152,22,409,71.13289642333984,160.4539031982422,15.299999237060547,27.200000762939453,25.016666412353516
Icterus auratus,-90.03492,20.327618,12,2021,3543488226,"c(-90.03492, 20.327618)",20,23.700000762939453,197,20,275,67.72875213623047,196.2547149658203,20.400001525878906,27.55000114440918,26.08333396911621
Icterus auratus,-89.33672,17.969114,1,2018,3540363802,"c(-89.33672, 17.969114)",254,22.46666717529297,223,33,442,70.69892883300781,185.67242431640625,18.600000381469727,26.099998474121094,24.416667938232422
Icterus auratus,-89.39871,21.110983,5,2021,3538087169,"c(-89.39871, 21.110983)",12,23.08333396911621,154,21,302,66.93121337890625,199.6682891845703,18.900001525878906,27.21666717529297,25.366666793823242
Icterus auratus,-92.09307,18.112595,4,2021,3535416245,"c(-92.09307, 18.112595)",4,23.94999885559082,324,46,501,61.83712387084961,208.7662353515625,17.600000381469727,27.799999237060547,26.366666793823242
Icterus auratus,-86.97528,21.099756,5,2021,3532594904,"c(-86.97528, 21.099756)",13,22.91666603088379,195,42,402,66.06060791015625,208.1520538330078,16.5,27.183334350585938,24.450000762939453
Icterus auratus,-88.536476,19.301214,5,2021,3520393613,"c(-88.536476, 19.301214)",33,23.53333282470703,179,31,370,72.85848236083984,165.892333984375,17.89999771118164,26.850000381469727,25.25
Icterus auratus,-89.16429,18.821655,4,2021,3517349401,"c(-89.16429, 18.821655)",119,22.616666793823242,155,14,328,71.33699798583984,175.50360107421875,18.200000762939453,26.08333396911621,24.683334350585938
Icterus auratus,-92.506816,18.063721,4,2016,3306365442,"c(-92.506816, 18.063721)",2,23.78333282470703,346,50,508,62.249000549316406,209.4780731201172,16.599998474121094,27.816667556762695,26.03333282470703
Icterus auratus,-91.093056,19.021944,3,2015,3306363594,"c(-91.093056, 19.021944)",2,23.91666603088379,240,18,279,65.17341613769531,193.7601318359375,17.299999237060547,27.883333206176758,26.100000381469727
Icterus auratus,-91.833056,18.264418,7,2015,3306363157,"c(-91.833056, 18.264418)",-1,23.933334350585938,317,30,318,63.48314666748047,203.7322235107422,17.799999237060547,27.666667938232422,26.41666603088379
Icterus auratus,-91.21731,18.97426,2,2015,3306361959,"c(-91.21731, 18.97426)",2,24,233,18,280,64.970062255859375,192.93582153320313,16.69999885559082,28.016666412353516,26.149999618530273
Icterus auratus,-92.490706,18.57994,4,2016,3306352688,"c(-92.490706, 18.57994)",1,23.683334350585938,261,30,375,62.65822219848633,206.18284606933594,15.80000114440918,27.649999618530273,25.950000762939453
Icterus auratus,-88.10625,19.135386,10,2020,3300993802,"c(-88.10625, 19.135386)",15,23.766666412353516,211,39,468,72.49455261230469,158.90902709960938,15.299999237060547,27.08333396911621,25.200000762939453
Icterus auratus,-89.3425,20.537613,5,2020,3299731235,"c(-89.3425, 20.537613)",18,23,193,27,283,66.89708709716797,207.44476318359375,21.69999885559082,27.08333396911621,23.899999618530273
Icterus auratus,-87.74666,20.524548,12,2020,3282470404,"c(-87.74666, 20.524548)",18,22.91666603088379,187,42,415,71.46893310546875,181.5130157470703,17.69999885559082,26.58333396911621,24.383333206176758
Icterus auratus,-89.19911,20.759348,6,2020,3281979749,"c(-89.19911, 20.759348)",18,23.03333282470703,174,21,253,67.47968292236328,202.20375061035156,20.499998092651367,27.133333206176758,23.866666793823242
Icterus auratus,-87.475174,20.981451,12,2020,3274540766,"c(-87.475174, 20.981451)",12,22.700000762939453,206,44,464,70.49180603027344,191.0497283935547,18.299999237060547,26.666667938232422,24.200000762939453
Icterus auratus,-87.856316,18.271118,8,2020,3273423171,"c(-87.856316, 18.271118)",4,24.483333587646484,239,21,414,65.24024200439453,152.90309143066406,11.100000381469727,26.78333282470703,25.850000381469727
Icterus auratus,-89.39726,18.055655,7,2020,3252832657,"c(-89.39726, 18.055655)",234,22.58333396911621,224,31,421,70.4861068725586,192.05035400390625,19.200000762939453,26.25,24.66666603088379
Icterus auratus,-87.33946,20.802979,2,2020,3243875895,"c(-87.33946, 20.802979)",6,22.950000762939453,205,46,440,68.7376708984375,191.05369567871094,16.899999618530273,26.883333206176758,24.383333206176758
Icterus auratus,-90.51091,18.785114,2,2020,3239621506,"c(-90.51091, 18.785114)",60,23.16666603088379,253,19,281,64.76683807373047,214.4425506591797,19.299999237060547,27.433334350585938,25.666667938232422
Icterus auratus,-89.01611,20.1725,2,2020,3239432796,"c(-89.01611, 20.1725)",39,23.016666412353516,207,28,416,68.81720733642578,201.72549438476563,21.69999885559082,27.183332443237305,23.850000381469727
Icterus auratus,-88.275986,20.654852,3,2020,3236814758,"c(-88.275986, 20.654852)",28,23.316667556762695,200,31,423,70.98138427734375,183.8354034423828,19.700000762939453,27.316665649414063,23.883333206176758
Icterus auratus,-88.410126,18.331074,5,2020,3233112242,"c(-88.410126, 18.331074)",6,23.649999618530273,219,23,528,68.34452056884766,170.61831665039063,14.899999618530273,27.600000381469727,25.433334350585938
Icterus auratus,-89.33082,18.498377,1,2020,3221815893,"c(-89.33082, 18.498377)",248,22.200000762939453,185,23,354,71.240936279296875,181.4143829345703,18.400001525878906,25.683334350585938,24.30000114440918
Icterus auratus,-90.11196,19.997988,1,2020,3217466072,"c(-90.11196, 19.997988)",53,23.46666717529297,227,19,281,65.58872985839844,203.8585968017578,20.099998474121094,27.46666717529297,25.950000762939453
Icterus auratus,-88.322266,20.872786,9,2020,3210329659,"c(-88.322266, 20.872786)",25,23.183332443237305,210,34,465,70.66326141357422,185.2618865966797,19.599998474121094,27.200000762939453,23.799999237060547
Icterus auratus,-90.318344,20.171278,8,2020,3186230389,"c(-90.318344, 20.171278)",4,24.016666412353516,209,16,255,67.41228485107422,190.20474243164063,18.999998092651367,27.883333206176758,26.25
Icterus auratus,-88.05996,19.39006,11,2008,3184634441,"c(-88.05996, 19.39006)",12,23.733333587646484,205,37,460,71.09053802490234,168.11790466308594,16.19999885559082,27.16666603088379,25.21666717529297
Icterus auratus,-88.14303,18.349533,6,2020,3182628154,"c(-88.14303, 18.349533)",11,24.066665649414063,224,24,478,66.1375732421875,160.65206909179688,12.599998474121094,27.41666603088379,25.616666793823242
Icterus auratus,-88.868645,21.39302,5,2020,3166112279,"c(-88.868645, 21.39302)",1,23.049999237060547,134,17,273,72.04762268066406,177.2063446044922,17.5,27.016666412353516,24.883333206176758
Icterus auratus,-88.15437,20.87356,6,2020,3162704706,"c(-88.15437, 20.87356)",22,23.25,197,36,444,71.75213623046875,183.93997192382813,19.5,27.30000114440918,23.83333396911621
Icterus auratus,-89.94524,18.556309,2,2020,3139365024,"c(-89.94524, 18.556309)",157,22.883333206176758,215,23,248,67.2110595703125,208.970703125,19.899999618530273,26.58333396911621,25.350000381469727
Icterus auratus,-88.48918,18.916744,3,2020,3138617095,"c(-88.48918, 18.916744)",29,23.366666793823242,161,23,406,72.78807067871094,159.7932891845703,16.19999885559082,26.700000762939453,25.049999237060547
Icterus auratus,-89.7709,19.408876,1,2020,3132559521,"c(-89.7709, 19.408876)",171,22.633333206176758,215,22,292,66.097564697265625,212.0605926513672,20.5,26.28333282470703,23.549999237060547
Icterus auratus,-89.416904,20.792959,9,2010,2832196249,"c(-89.416904, 20.792959)",14,22.933334350585938,173,23,378,67.159271240234375,204.33372497558594,20.30000114440918,27.066665649414063,25.299999237060547
Icterus auratus,-87.02648,20.686094,12,2019,2801587315,"c(-87.02648, 20.686094)",9,23.616666793823242,213,36,417,64.63964080810547,191.41616821289063,14.799999237060547,27.433332443237305,25.066665649414063
Icterus auratus,-90.02739,20.43582,12,2019,2799082515,"c(-90.02739, 20.43582)",16,23.58333396911621,186,20,271,68.79166412353516,192.0281524658203,20,27.433334350585938,25.91666603088379
Icterus auratus,-88.78146,19.030615,1,2001,2798553183,"c(-88.78146, 19.030615)",68,23.049999237060547,149,17,332,72.79693603515625,164.25221252441406,17.399999618530273,26.399999618530273,24.883333206176758
Icterus auratus,-88.76465,21.005556,9,2019,2789677428,"c(-88.76465, 21.005556)",12,23.183334350585938,198,30,432,70.12089538574219,182.2252960205078,19.299999237060547,27.016666412353516,25.266666412353516
Icterus auratus,-89.294136,19.781113,12,2019,2789077356,"c(-89.294136, 19.781113)",83,22.899999618530273,190,25,375,69.14308166503906,197.669677734375,21.200000762939453,27,23.78333282470703
Icterus auratus,-90.1944,20.782185,9,2019,2779277047,"c(-90.1944, 20.782185)",5,24.16666603088379,143,12,306,70.67395782470703,172.18295288085938,18.299999237060547,27.733333587646484,26.19999885559082
Icterus auratus,-90.39783,20.852716,2,2019,2778643186,"c(-90.39783, 20.852716)",2,24.066667556762695,140,8,271,70.30591583251953,174.04881286621094,15.799999237060547,27.96666717529297,25.766666412353516
Icterus auratus,-89.85718,19.58308,1,2010,277491798,"c(-89.85718, 19.58308)",142,22.733333587646484,219,22,289,64.92718505859375,214.2901153564453,20.600000381469727,26.96666717529297,23.649999618530273
Icterus auratus,-90.44117,20.202923,9,1995,277490555,"c(-90.44117, 20.202923)",5,23.950000762939453,199,14,377,67.124542236328125,191.0537109375,18.200000762939453,27.96666717529297,26.03333282470703
Icterus auratus,-89.672455,21.28132,5,2019,2770196255,"c(-89.672455, 21.28132)",2,23.33333396911621,128,19,214,65.94444274902344,185.1591339111328,15,27.116666793823242,25.133333206176758
Icterus auratus,-89.642944,20.1707,12,2009,276539694,"c(-89.642944, 20.1707)",71,22.683332443237305,202,22,283,66.6271743774414,206.31092834472656,21.099998474121094,26.816665649414063,23.583332061767578
Icterus auratus,-88.90137,20.853678,11,2009,276449763,"c(-88.90137, 20.853678)",15,23.116666793823242,187,22,373,68.83333587646484,193.49066162109375,20,27.08333396911621,25.350000381469727
Icterus auratus,-88.15393,19.812735,5,2019,2763577032,"c(-88.15393, 19.812735)",21,23.58333396911621,203,38,443,70.92591857910156,175.43882751464844,18,27.08333396911621,25.133333206176758
Icterus auratus,-90.71201,18.962265,4,2019,2752438967,"c(-90.71201, 18.962265)",20,23.41666603088379,253,19,280,64.55094909667969,212.77523803710938,19.299999237060547,27.58333396911621,25.916667938232422
Icterus auratus,-89.26287,20.591452,5,2019,2750880955,"c(-89.26287, 20.591452)",17,23,187,26,277,67.49999237060547,203.62020874023438,21.000001907348633,27.08333396911621,23.849998474121094
Icterus auratus,-89.213806,19.8841,5,2019,2744976012,"c(-89.213806, 19.8841)",137,22.600000381469727,196,25,391,69.17057800292969,196.66537475585938,21.299999237060547,26.683332443237305,23.433334350585938
Icterus auratus,-90.69647,19.664349,5,2019,2739032503,"c(-90.69647, 19.664349)",33,23.600000381469727,228,15,254,64.57170104980469,199.6981658935547,17.899999618530273,27.600000381469727,25.850000381469727
Icterus auratus,-88.83263,20.550188,1,2019,2738247957,"c(-88.83263, 20.550188)",27,23.133333206176758,200,29,407,69.17475891113281,195.61090087890625,20.599998474121094,27.16666603088379,23.899999618530273
Icterus auratus,-88.51248,18.3225,4,2019,2736519074,"c(-88.51248, 18.3225)",11,23.399999618530273,211,26,536,69.17735290527344,172.47035217285156,15.600000381469727,27.433332443237305,25.200000762939453
Icterus auratus,-88.116234,20.700167,3,2019,2733356612,"c(-88.116234, 20.700167)",22,23.399999618530273,184,36,404,71.319793701171875,182.58248901367188,19.700000762939453,27.383333206176758,23.933334350585938
Icterus auratus,-87.92615,20.099688,2,2019,2730816614,"c(-87.92615, 20.099688)",20,23.433334350585938,193,39,422,71.22905731201172,174.12118530273438,17.89999771118164,26.900001525878906,24.983333587646484
Icterus auratus,-89.43369,18.410717000000002,4,2008,2729333381,"c(-89.43369, 18.410717)",273,22.266666412353516,199,25,358,70.5701675415039,188.80154418945313,19.000001907348633,25.766666412353516,24.46666717529297
Icterus auratus,-87.66959,18.783665,1,1991,2722894064,"c(-87.66959, 18.783665)",1,24.516666412353516,218,30,420,69.153228759765625,150.70225524902344,12.399999618530273,26.83333396911621,25.883333206176758
Icterus auratus,-90.1208,20.393688,7,2019,2720869217,"c(-90.1208, 20.393688)",8,23.983333587646484,185,18,259,69.34672546386719,184.29635620117188,19.900001525878906,27.633333206176758,26.25
Icterus auratus,-89.28844,20.204992,12,2019,2717628751,"c(-89.28844, 20.204992)",33,23.016666412353516,204,26,301,68.030303955078125,203.74708557128906,22,27.149999618530273,23.899999618530273
Icterus auratus,-88.40921,18.649689,11,2019,2716636230,"c(-88.40921, 18.649689)",14,23.483333587646484,160,25,425,70.12471771240234,164.26779174804688,14.700000762939453,27.366666793823242,25.149999618530273
Icterus auratus,-87.22032,21.415016,7,2017,2714733016,"c(-87.22032, 21.415016)",0,22.766666412353516,189,34,409,68.92570495605469,196.25418090820313,16.599998474121094,26.933332443237305,24.100000381469727
Icterus auratus,-86.73098,21.231533,7,2019,2692558791,"c(-86.73098, 21.231533)",5,23.600000381469727,194,37,397,63.29787826538086,186.93043518066406,14.099998474121094,27.516666412353516,24.700000762939453
Icterus auratus,-88.93382,21.311451,6,2019,2685619654,"c(-88.93382, 21.311451)",6,23.100000381469727,147,19,297,70.24432373046875,184.6351776123047,19.100000381469727,27.03333282470703,25.200000762939453
Icterus auratus,-88.0551,20.834242,3,2019,2674278657,"c(-88.0551, 20.834242)",21,23.33333396911621,179,39,409,71.880340576171875,181.52134704589844,19.5,27.33333396911621,23.899999618530273
Icterus auratus,-88.8619,21.046059,2,2019,2666816183,"c(-88.8619, 21.046059)",13,23.149999618530273,190,26,398,69.37393951416016,188.18309020996094,19.700000762939453,27.03333282470703,25.350000381469727
Icterus auratus,-88.35891,18.005749,12,2017,2652533943,"c(-88.35891, 18.005749)",18,23.66666603088379,245,40,568,67.03162384033203,166.24642944335938,13.700000762939453,27.133333206176758,25.299999237060547
Icterus auratus,-89.966667,19.716667,5,1952,2630678664,"c(-89.966667, 19.716667)",102,23.016666412353516,219,22,283,64.51219177246094,212.1476593017578,20.5,27.16666603088379,23.933334350585938
Icterus auratus,-89.106667,21.011667,3,1890,2630635660,"c(-89.106667, 21.011667)",12,22.983333587646484,171,19,347,67.76094818115234,197.53402709960938,19.799999237060547,27.066665649414063,25.28333282470703
Icterus auratus,-88.773315,20.621794,3,1898,2630629202,"c(-88.773315, 20.621794)",28,23.16666603088379,201,28,407,69.72361755371094,189.86192321777344,19.900001525878906,27.166667938232422,23.899999618530273
Icterus auratus,-88.25,19.716667,3,1953,2630547524,"c(-88.25, 19.716667)",26,23.583332061767578,202,36,389,70.973785400390625,174.35377502441406,17.799999237060547,27.066665649414063,25.183334350585938
Icterus auratus,-86.93425,20.312914,11,2018,2233133131,"c(-86.93425, 20.312914)",5,24,241,30,417,63.04071044921875,176.9239501953125,13.100000381469727,27.53333282470703,25.383333206176758
Icterus auratus,-89.48978,21.2318,5,2018,2232938019,"c(-89.48978, 21.2318)",8,23.149999618530273,140,21,253,66.335235595703125,195.84461975097656,17.599998474121094,26.816667556762695,25.350000381469727
Icterus auratus,-89.54444,20.251389,11,2018,2230261430,"c(-89.54444, 20.251389)",55,22.66666603088379,203,22,287,66.85779571533203,209.28945922851563,21.799999237060547,26.849998474121094,23.566665649414063
Icterus auratus,-90.26044,20.853539,12,2018,2224124270,"c(-90.26044, 20.853539)",4,23.933334350585938,139,10,282,70.28571319580078,178.95953369140625,17.5,27.816665649414063,25.883333206176758
Icterus auratus,-88.754745,19.63478,8,2018,2224065445,"c(-88.754745, 19.63478)",54,23.049999237060547,188,32,391,69.82758331298828,191.54229736328125,20.30000114440918,27.183332443237305,25.133333206176758
Icterus auratus,-88.63577,21.254343,11,2018,2223544536,"c(-88.63577, 21.254343)",7,23.233333587646484,184,31,414,70.94355773925781,179.01400756835938,18.899999618530273,27.016666412353516,25.21666717529297
Icterus auratus,-89.71494,20.469255,11,2018,2222954500,"c(-89.71494, 20.469255)",73,22.616666793823242,199,23,282,66.70524597167969,210.94081115722656,21.60000228881836,26.83333396911621,23.5
Icterus auratus,-89.045044,20.583284,11,2018,2220418437,"c(-89.045044, 20.583284)",22,23.08333396911621,194,28,402,68.0354232788086,198.73272705078125,20.700000762939453,27.116666793823242,23.883333206176758
Icterus auratus,-88.379395,18.529161,9,2018,2211357316,"c(-88.379395, 18.529161)",4,23.700000762939453,183,24,470,68.47319793701172,167.41517639160156,14.299999237060547,27.66666603088379,25.41666603088379
Icterus auratus,-87.747734,19.789307,1,1999,2211143198,"c(-87.747734, 19.789307)",11,23.75,200,39,415,70.51688385009766,167.11622619628906,15.799999237060547,27.183332443237305,25.166667938232422
Icterus auratus,-88.24477,18.30188,10,2018,2208268565,"c(-88.24477, 18.30188)",17,23.78333282470703,223,26,501,66.4102554321289,165.4310302734375,13,27.25,25.383333206176758
Icterus auratus,-87.96115,17.923979,9,2018,2206905570,"c(-87.96115, 17.923979)",2,24.58333396911621,215,39,449,62.03703308105469,149.17703247070313,10.80000114440918,26.899999618530273,25.933334350585938
Icterus auratus,-90.14028,18.60774,7,2018,2195436606,"c(-90.14028, 18.60774)",86,23.28333282470703,234,22,263,65.77235412597656,217.53611755371094,20.5,26.96666717529297,25.883333206176758
Icterus auratus,-90.78959,18.442036,6,2018,2176007876,"c(-90.78959, 18.442036)",64,23.266666412353516,236,22,306,63.91708755493164,216.63885498046875,19.700000762939453,27.483333587646484,25.83333396911621
Icterus auratus,-89.95346,20.5624,6,2018,2163111372,"c(-89.95346, 20.5624)",43,23.433334350585938,182,21,277,68.946929931640625,190.69796752929688,20.100000381469727,27.233333587646484,25.75
Icterus auratus,-89.94664,21.197931,10,2015,2159400622,"c(-89.94664, 21.197931)",1,23.433332443237305,120,14,211,66.82795715332031,187.07630920410156,15.5,27.21666717529297,25.28333282470703
Icterus auratus,-87.61656,21.266535,2,2018,2149928909,"c(-87.61656, 21.266535)",16,22.583332061767578,173,37,414,70.83332824707031,190.12506103515625,18.600000381469727,26.53333282470703,24.133333206176758
Icterus auratus,-89.135574,21.14144,5,2018,2145834243,"c(-89.135574, 21.14144)",9,22.933332443237305,161,19,318,67.6546401977539,199.56158447265625,19.400001525878906,27.116666793823242,25.233333587646484
Icterus auratus,-89.79083,20.877726,3,2018,2139646114,"c(-89.79083, 20.877726)",11,23.350000381469727,175,23,235,67.53022003173828,194.51962280273438,19.30000114440918,27.266666412353516,25.649999618530273
Icterus auratus,-88.07833,19.875566,2,2018,2138156207,"c(-88.07833, 19.875566)",6,23.700000762939453,201,38,437,71.19047546386719,171.47918701171875,17.5,27.16666603088379,25.200000762939453
Icterus auratus,-88.505005,20.572542,1,2018,2129319484,"c(-88.505005, 20.572542)",29,23.299999237060547,208,31,426,70.3795394897461,187.17800903320313,20.19999885559082,27.28333282470703,23.96666717529297
Icterus auratus,-88.26059,18.088333,2,2018,2127182123,"c(-88.26059, 18.088333)",17,23.75,237,35,529,66.47435760498047,164.5304412841797,13,27.21666717529297,25.350000381469727
Icterus auratus,-89.07745,19.546585,3,2018,2122829008,"c(-89.07745, 19.546585)",93,22.866666793823242,173,23,361,69.6223373413086,191.57638549804688,20.299999237060547,26.950000762939453,23.683334350585938
Icterus auratus,-90.24578,20.488922,12,2017,2119243094,"c(-90.24578, 20.488922)",4,24.483333587646484,164,14,226,70.83332824707031,172.12351989746094,19.200000762939453,27.899999618530273,26.616666793823242
Icterus auratus,-87.011826,20.86028,12,2017,2116183455,"c(-87.011826, 20.86028)",13,23.149999618530273,199,43,401,64.412994384765625,200.04689025878906,15.900001525878906,27.21666717529297,24.600000381469727
Icterus auratus,-87.366585,20.32,7,2017,2114937159,"c(-87.366585, 20.32)",9,23.66666603088379,208,35,387,69.07158660888672,165.43502807617188,14.899999618530273,27.03333282470703,25.016666412353516
Icterus auratus,-88.37376,18.246223,11,2017,2108223944,"c(-88.37376, 18.246223)",13,23.700000762939453,227,27,481,68.27586364746094,167.01702880859375,14.499998092651367,27.549999237060547,25.399999618530273
Icterus auratus,-88.33991,20.162416,3,2017,2075642004,"c(-88.33991, 20.162416)",31,23.350000381469727,197,32,388,70.43550872802734,182.39358520507813,19.899999618530273,26.816665649414063,23.91666603088379
Icterus auratus,-88.33407,18.772253,6,2017,2073072372,"c(-88.33407, 18.772253)",8,23.700000762939453,171,29,425,71.20690155029297,157.06768798828125,14.499998092651367,27.41666603088379,25.21666717529297
Icterus auratus,-88.20321,19.156773,5,2017,2072360949,"c(-88.20321, 19.156773)",15,23.866666793823242,203,37,467,73.268402099609375,155.29054260253906,15.399999618530273,27.100000381469727,25.266666412353516
Icterus auratus,-89.296715,20.746513,5,2017,2071452700,"c(-89.296715, 20.746513)",16,23,170,21,378,67.35772705078125,202.75514221191406,20.499998092651367,27.116666793823242,23.850000381469727
Icterus auratus,-87.10284,21.406637,5,2017,2071441144,"c(-87.10284, 21.406637)",7,22.733333587646484,188,36,403,68.08943176269531,200.854248046875,16.399999618530273,26.933334350585938,24.116666793823242
Icterus auratus,-88.53329,20.0372,5,2017,2052828510,"c(-88.53329, 20.0372)",32,23.33333396911621,188,24,391,70.10517883300781,188.2510223388672,20.600000381469727,27.366666793823242,23.33333396911621
Icterus auratus,-89.554634,18.616674,3,2017,2047445773,"c(-89.554634, 18.616674)",280,22.16666603088379,187,22,334,69.78609466552734,190.817626953125,18.700000762939453,25.616666793823242,24.44999885559082
Icterus auratus,-88.61478,20.899195,11,2013,2029324125,"c(-88.61478, 20.899195)",27,23.116666793823242,206,33,456,69.94046783447266,188.21481323242188,19.60000228881836,27.100000381469727,23.816667556762695
Icterus auratus,-90.100116,18.434014,11,1910,1987466128,"c(-90.100116, 18.434014)",180,22.883333206176758,232,25,270,66.75127410888672,208.87686157226563,19.69999885559082,26.58333396911621,25.28333282470703
Icterus auratus,-92.6313406,18.2798594,8,1998,1895177491,"c(-92.6313406, 18.2798594)",4,23.616666793823242,316,42,447,62.144309997558594,210.93003845214844,16.399999618530273,27.71666717529297,25.866666793823242
Icterus auratus,-88.938333,21.165,NA,1889,1895087416,"c(-88.938333, 21.165)",9,23.100000381469727,174,22,355,69.52991485595703,190.84091186523438,19.5,27.066665649414063,25.316667556762695
Icterus auratus,-88.923333,20.126667,4,1888,1895087362,"c(-88.923333, 20.126667)",38,23.083332061767578,207,27,418,68.81720733642578,199.05838012695313,21.69999885559082,27.21666717529297,23.899999618530273
Icterus auratus,-89.683056,19.325278,9,1996,1894446711,"c(-89.683056, 19.325278)",160,22.71666717529297,200,21,282,66.62621307373047,210.24295043945313,20.60000228881836,26.33333396911621,23.66666603088379
Icterus auratus,-89.34264,20.648642,2,2010,1789019283,"c(-89.34264, 20.648642)",17,22.96666717529297,179,24,264,67.26475524902344,205.13253784179688,20.899999618530273,27.049999237060547,23.850000381469727
Icterus auratus,-89.46444,19.297104,1,2000,1772921083,"c(-89.46444, 19.297104)",145,22.666667938232422,166,16,334,68.308074951171875,200.5007781982422,19.80000114440918,26.816665649414063,23.58333396911621
Icterus auratus,-90.84364,17.885935,11,2016,1772884884,"c(-90.84364, 17.885935)",62,23.733333587646484,256,30,355,64.21820831298828,209.55715942382813,19.400001525878906,27.766666412353516,26.30000114440918
Icterus auratus,-90.944565,18.760956,6,2005,1772390688,"c(-90.944565, 18.760956)",32,23.549999237060547,257,21,304,64.6701431274414,206.99693298339844,19.19999885559082,27.633333206176758,25.983333587646484
Icterus auratus,-87.122986,20.585365,4,2007,1749095404,"c(-87.122986, 20.585365)",12,23.58333396911621,219,35,422,64.597320556640625,187.0884246826172,14.899999618530273,27.333332061767578,25.03333282470703
Icterus auratus,-89.56204,20.813454,4,2016,1726304963,"c(-89.56204, 20.813454)",15,23.016666412353516,178,24,248,66.66666412353516,203.44569396972656,20.299999237060547,27.100000381469727,25.433334350585938
Icterus auratus,-88.81279,18.430832,1,2016,1715565766,"c(-88.81279, 18.430832)",122,22.41666603088379,185,22,477,72.30538177490234,164.95809936523438,16.700000762939453,26.366666793823242,24.21666717529297
Icterus auratus,-87.4681,19.97139,3,2005,1411541853,"c(-87.4681, 19.97139)",0,24.100000381469727,203,34,388,69.73380279541016,159.45159912109375,14.399999618530273,27.383333206176758,25.366666793823242
Icterus auratus,-87.845955,20.581902,12,2015,1402371656,"c(-87.845955, 20.581902)",24,23.08333396911621,177,43,365,71.4220962524414,181.76483154296875,18.400001525878906,26.649999618530273,23.516666412353516
Icterus auratus,-89.67097,18.037748,6,2003,1382318976,"c(-89.67097, 18.037748)",291,22.46666717529297,230,30,408,68.8255615234375,198.19068908691406,19.299999237060547,26.116666793823242,24.683334350585938
Icterus auratus,-89.80633,21.16142,7,2015,1378841832,"c(-89.80633, 21.16142)",3,23.316665649414063,135,18,247,65.944122314453125,195.99539184570313,17.299999237060547,27.516666412353516,25.5
Icterus auratus,-89.78169,19.498882,6,2015,1372760281,"c(-89.78169, 19.498882)",180,22.600000381469727,217,22,294,65.7317123413086,210.98748779296875,20.5,26.233333587646484,23.516666412353516
Icterus auratus,-87.725555,20.416368,5,2015,1369107753,"c(-87.725555, 20.416368)",12,22.983333587646484,188,42,406,71.1647720336914,181.44776916503906,17.600000381469727,26.649999618530273,24.5
Icterus auratus,-87.310875,20.394854,1,2015,1345961516,"c(-87.310875, 20.394854)",3,23.600000381469727,210,36,399,67.83332824707031,173.95741271972656,15.000001907348633,27.116666793823242,24.96666717529297
Icterus auratus,-86.900185,20.849388,3,2007,133962327,"c(-86.900185, 20.849388)",9,23.549999237060547,196,40,385,63.925437927246094,195.84312438964844,15.19999885559082,27.516666412353516,24.96666717529297
Icterus auratus,-88.78344,21.18358,4,1888,1291499594,"c(-88.78344, 21.18358)",7,23.21666717529297,193,27,407,69.914520263671875,186.18174743652344,19.500001907348633,27.133333206176758,25.333332061767578
Icterus auratus,-88.5965,20.518461,11,2005,1177134577,"c(-88.5965, 20.518461)",28,23.25,207,32,422,69.86863708496094,188.28773498535156,20.299999237060547,27.25,23.933332443237305
Icterus auratus,-87.68975,20.319553,5,2014,1175063690,"c(-87.68975, 20.319553)",25,23.08333396911621,186,40,397,71.10453033447266,175.8550262451172,16.900001525878906,26.683332443237305,24.5
Icterus auratus,-88.56931,20.67633,1,2014,1149675841,"c(-88.56931, 20.67633)",34,23.25,207,30,433,70.14925384521484,187.09500122070313,20.100000381469727,27.21666717529297,23.916667938232422
Icterus auratus,-87.65,20.8333,4,1949,1039606270,"c(-87.65, 20.8333)",26,22.91666603088379,187,43,451,71.58470153808594,184.24703979492188,18.299999237060547,26.649999618530273,24.450000762939453
