<?xml version="1.0" encoding="utf-8"?>
<eml:eml xmlns:eml="https://eml.ecoinformatics.org/eml-2.2.0" xmlns:xsi="http://www.w3.org/2001/XMLSchema-instance"
         xsi:schemaLocation="https://eml.ecoinformatics.org/eml-2.2.0 https://rs.gbif.org/schema/eml-gbif-profile/1.3/eml.xsd"
packageId="c21cd435-718a-4069-b503-776bf0e22b96"  system="http://gbif.org" scope="system"
xml:lang="en">
    <dataset>
        <alternateIdentifier>10.15468/b63cw6</alternateIdentifier>
        <alternateIdentifier>http://ipt.vertnet.org:8080/ipt/resource?r=dmnh_birds</alternateIdentifier>
        <alternateIdentifier>http://ipt.vertnet.org:8080/ipt/resource.do?r=dmnh_birds</alternateIdentifier>
        <alternateIdentifier>c21cd435-718a-4069-b503-776bf0e22b96</alternateIdentifier>
        <alternateIdentifier>14178</alternateIdentifier>
        <title>Delaware Museum of Nature &amp; Science — Birds</title>
        <creator>
            <individualName>
                <givenName>Ashley</givenName>
                <surName>Kempken</surName>
            </individualName>
            <organizationName>Delaware Museum of Nature &amp; Science</organizationName>
            <positionName>Collections Manager of Birds</positionName>
            <address>
                <deliveryPoint>4840 Kennett Pike</deliveryPoint>
                <city>Wilmington</city>
                <administrativeArea>DE</administrativeArea>
                <postalCode>19807-0937</postalCode>
                <country>UNITED_STATES</country>
            </address>
            <phone>+01 302-658-9111 -- 315</phone>
            <electronicMailAddress>akempken@delmns.org</electronicMailAddress>
            <onlineUrl>http://www.delmns.org</onlineUrl>
        </creator>
        <metadataProvider>
            <individualName>
                <givenName>Ashley</givenName>
                <surName>Kempken</surName>
            </individualName>
            <organizationName>Delaware Museum of Nature &amp; Science</organizationName>
            <positionName>Collections Manager of Birds</positionName>
            <address>
                <deliveryPoint>4840 Kennett Pike</deliveryPoint>
                <city>Wilmington</city>
                <administrativeArea>DE</administrativeArea>
                <postalCode>19807-0937</postalCode>
                <country>UNITED_STATES</country>
            </address>
            <phone>+01 302-658-9111 -- 315</phone>
            <electronicMailAddress>akempken@delmns.org</electronicMailAddress>
            <onlineUrl>http://www.delmns.org</onlineUrl>
        </metadataProvider>
        <associatedParty>
            <individualName>
                <givenName>David</givenName>
                <surName>Bloom</surName>
            </individualName>
            <organizationName>VertNet</organizationName>
            <positionName>VertNet Coordinator</positionName>
            <electronicMailAddress>dbloom@vertnet.org</electronicMailAddress>
            <role>PROGRAMMER</role>
        </associatedParty>
        <associatedParty>
            <individualName>
                <givenName>John</givenName>
                <surName>Wieczorek</surName>
            </individualName>
            <organizationName>Museum of Vertebrate Zoology at Berkeley</organizationName>
            <positionName>Information Architect</positionName>
            <electronicMailAddress>tuco@berkeley.edu</electronicMailAddress>
            <role>PROGRAMMER</role>
        </associatedParty>
        <pubDate>
                2024-01-31
        </pubDate>
        <language>ENGLISH</language>
        <abstract>
            The bird collection of the Delaware Museum of Nature &amp; Science (DMNH, formerly known as Delaware Museum of Natural History) consists of approximately 67,000 study skins, 3,000 spread wings and 11,000 skeletons. The holdings represent about 4,000 bird species. About 140 taxa are in the type collection. The collection, worldwide in scope, has especially strong holdings of Philippine and Central and South American birds. Extinct species are also represented. Formation of the collection began when the Museum was founded in 1957. Among the collections that can be found here are those of George Miksch Sutton, Allan R. Phillips, Olin S. Pettingill, D.S. Rabor, M. Hachisuka and specimens from Charles Sibley&amp;#39;s expeditions in 1975-1977 .
        </abstract>
        <keywordSet>
            <keyword>Occurrence</keyword>
            <keywordThesaurus>GBIF Dataset Type Vocabulary: http://rs.gbif.org/vocabulary/gbif/dataset_type.xml</keywordThesaurus>
        </keywordSet>
        <keywordSet>
            <keyword>Specimen</keyword>
            <keywordThesaurus>GBIF Dataset Subtype Vocabulary: http://rs.gbif.org/vocabulary/gbif/dataset_subtype.xml</keywordThesaurus>
        </keywordSet>
        <keywordSet>
            <keyword>Occurrence</keyword>
            <keywordThesaurus>GBIF Dataset Type Vocabulary: http://rs.gbif.org/vocabulary/gbif/dataset_type_2015-07-10.xml</keywordThesaurus>
        </keywordSet>
        <additionalInfo>
            <para>http://vertnet.org/resources/norms.html</para>
        </additionalInfo>
        <intellectualRights>
            <para>To the extent possible under law, the publisher has waived all rights to these data and has dedicated them to the <ulink url="http://creativecommons.org/publicdomain/zero/1.0/legalcode"><citetitle>Public Domain (CC0 1.0)</citetitle></ulink>. Users may copy, modify, distribute and use the work, including for commercial purposes, without restriction.</para>
        </intellectualRights>
        <licensed>
            <licenseName>Creative Commons Zero v1.0 Universal</licenseName>
            <url>https://spdx.org/licenses/CC0-1.0.html</url>
            <identifier>CC0-1.0</identifier>
        </licensed>
        <distribution scope="document">
            <online>
                <url function="information">https://delmns.org/collections/birds/</url>
            </online>
        </distribution>
        <distribution scope="document">
            <online>
                <url function="download">https://ipt.vertnet.org/archive.do?r=dmnh_birds</url>
            </online>
        </distribution>
        <coverage>
            <geographicCoverage>
                <geographicDescription>The bird collection is worldwide in scope with strengths in USA, Mexico, and Philippines.</geographicDescription>
                <boundingCoordinates>
                    <westBoundingCoordinate>-180</westBoundingCoordinate>
                    <eastBoundingCoordinate>180</eastBoundingCoordinate>
                    <northBoundingCoordinate>90</northBoundingCoordinate>
                    <southBoundingCoordinate>-90</southBoundingCoordinate>
                </boundingCoordinates>
            </geographicCoverage>
            <taxonomicCoverage>
                <generalTaxonomicCoverage>Class Aves (Birds)</generalTaxonomicCoverage>
                <taxonomicClassification>
                    <taxonRankName>Class</taxonRankName>
                    <taxonRankValue>Aves</taxonRankValue>
                </taxonomicClassification>
            </taxonomicCoverage>
        </coverage>
        <maintenance>
            <description>
                <para></para>
            </description>
            <maintenanceUpdateFrequency>unkown</maintenanceUpdateFrequency>
        </maintenance>
        <contact>
            <individualName>
                <givenName>Matthew</givenName>
                <surName>Halley, Ph.D.</surName>
            </individualName>
            <organizationName>Delaware Museum of Nature &amp; Science</organizationName>
            <positionName>Curator of Birds</positionName>
            <address>
                <deliveryPoint>4840 Kennett Pike</deliveryPoint>
                <city>Wilmington</city>
                <administrativeArea>DE</administrativeArea>
                <postalCode>19807-0937</postalCode>
                <country>UNITED_STATES</country>
            </address>
            <phone>+01 302-658-9111 -- 314</phone>
            <electronicMailAddress>mhalley@delmns.org</electronicMailAddress>
            <onlineUrl>http://www.delmns.org</onlineUrl>
        </contact>
        <contact>
            <individualName>
                <givenName>Ashley</givenName>
                <surName>Kempken</surName>
            </individualName>
            <organizationName>Delaware Museum of Nature &amp; Science</organizationName>
            <positionName>Collections Manager of Birds</positionName>
            <address>
                <deliveryPoint>4840 Kennett Pike</deliveryPoint>
                <city>Wilmington</city>
                <administrativeArea>DE</administrativeArea>
                <postalCode>19807-0937</postalCode>
                <country>UNITED_STATES</country>
            </address>
            <phone>+01 302-658-9111 -- 315</phone>
            <electronicMailAddress>akempken@delmns.org</electronicMailAddress>
            <onlineUrl>http://www.delmns.org</onlineUrl>
        </contact>

    </dataset>

    <additionalMetadata>
        <metadata>
            <gbif>
                <dateStamp>2025-10-22T04:19:04Z</dateStamp>
                <citation>Kempken A (2024). Delaware Museum of Nature &amp; Science — Birds. Version 8.2. Delaware Museum of Nature &amp; Science. Occurrence dataset https://doi.org/10.15468/b63cw6 accessed via GBIF.org on 2025-10-22.</citation>
                <collection>
                    <parentCollectionIdentifier>not applicable</parentCollectionIdentifier>
                    <collectionIdentifier>http://grbio.org/cool/ywsm-eq6q</collectionIdentifier>
                    <collectionName>Delaware Museum of Nature &amp; Science (DMNH, formerly known as Delaware Museum of Natural History) Bird Collection</collectionName>
                </collection>
                <specimenPreservationMethod>DRIED</specimenPreservationMethod>
            </gbif>
        </metadata>
    </additionalMetadata>
    </eml:eml>
