<?xml version="1.0" encoding="utf-8"?>
<eml:eml xmlns:eml="https://eml.ecoinformatics.org/eml-2.2.0" xmlns:xsi="http://www.w3.org/2001/XMLSchema-instance"
         xsi:schemaLocation="https://eml.ecoinformatics.org/eml-2.2.0 https://rs.gbif.org/schema/eml-gbif-profile/1.3/eml.xsd"
packageId="4fa7b334-ce0d-4e88-aaae-2e0c138d049e"  system="http://gbif.org" scope="system"
xml:lang="en">
    <dataset>
        <alternateIdentifier>10.15468/aomfnb</alternateIdentifier>
        <alternateIdentifier>4fa7b334-ce0d-4e88-aaae-2e0c138d049e</alternateIdentifier>
        <alternateIdentifier>CLOEODMETADATA.05192014.1</alternateIdentifier>
        <alternateIdentifier>43</alternateIdentifier>
        <title>EOD – eBird Observation Dataset</title>
        <creator>
            <individualName>
                <givenName>Jasdev</givenName>
                <surName>Imani</surName>
            </individualName>
            <organizationName>Cornell Lab of Ornithology</organizationName>
            <positionName>Technical Lead</positionName>
            <address>
                <deliveryPoint>Center for Avian Population Studies, 159 Sapsucker Woods Road</deliveryPoint>
                <city>Ithaca</city>
                <administrativeArea>NY</administrativeArea>
                <postalCode>14850</postalCode>
                <country>UNITED_STATES</country>
            </address>
            <electronicMailAddress>ebird@cornell.edu</electronicMailAddress>
        </creator>
        <creator>
            <individualName>
                <givenName>Christine</givenName>
                <surName>Audette</surName>
            </individualName>
            <organizationName>Cornell Lab of Ornithology</organizationName>
            <address>
                <deliveryPoint>Center for Avian Population Studies, 159 Sapsucker Woods Road</deliveryPoint>
                <city>Ithaca</city>
                <administrativeArea>NY</administrativeArea>
                <postalCode>14850</postalCode>
                <country>UNITED_STATES</country>
            </address>
        </creator>
        <creator>
            <individualName>
                <givenName>Thomas</givenName>
                <surName>Auer</surName>
            </individualName>
            <organizationName>Cornell Lab of Ornithology</organizationName>
            <address>
                <deliveryPoint>Center for Avian Population Studies, 159 Sapsucker Woods Road</deliveryPoint>
                <city>Ithaca</city>
                <administrativeArea>NY</administrativeArea>
                <postalCode>14850</postalCode>
                <country>UNITED_STATES</country>
            </address>
        </creator>
        <creator>
            <individualName>
                <givenName>Sara</givenName>
                <surName>Barker</surName>
            </individualName>
            <organizationName>Cornell Lab of Ornithology</organizationName>
            <address>
                <deliveryPoint>Center for Avian Population Studies, 159 Sapsucker Woods Road</deliveryPoint>
                <city>Ithaca</city>
                <administrativeArea>NY</administrativeArea>
                <postalCode>14850</postalCode>
                <country>UNITED_STATES</country>
            </address>
        </creator>
        <creator>
            <individualName>
                <givenName>Jessie</givenName>
                <surName>Barry</surName>
            </individualName>
            <organizationName>Cornell Lab of Ornithology</organizationName>
            <address>
                <deliveryPoint>Macaulay Library, 159 Sapsucker Woods Road</deliveryPoint>
                <city>Ithaca</city>
                <administrativeArea>NY</administrativeArea>
                <postalCode>14850</postalCode>
                <country>UNITED_STATES</country>
            </address>
        </creator>
        <creator>
            <individualName>
                <givenName>Mike</givenName>
                <surName>Charnoky</surName>
            </individualName>
            <organizationName>Cornell Lab of Ornithology</organizationName>
            <address>
                <deliveryPoint>Center for Avian Population Studies, 159 Sapsucker Woods Road</deliveryPoint>
                <city>Ithaca</city>
                <administrativeArea>NY</administrativeArea>
                <postalCode>14850</postalCode>
                <country>UNITED_STATES</country>
            </address>
        </creator>
        <creator>
            <individualName>
                <givenName>Cynthia</givenName>
                <surName>Crowley</surName>
            </individualName>
            <organizationName>Cornell Lab of Ornithology</organizationName>
            <address>
                <deliveryPoint>Center for Avian Population Studies, 159 Sapsucker Woods Road</deliveryPoint>
                <city>Ithaca</city>
                <administrativeArea>NY</administrativeArea>
                <postalCode>14850</postalCode>
                <country>UNITED_STATES</country>
            </address>
        </creator>
        <creator>
            <individualName>
                <givenName>Jenna</givenName>
                <surName>Curtis</surName>
            </individualName>
            <organizationName>Cornell Lab of Ornithology</organizationName>
            <address>
                <deliveryPoint>Center for Avian Population Studies, 159 Sapsucker Woods Road</deliveryPoint>
                <city>Ithaca</city>
                <administrativeArea>NY</administrativeArea>
                <postalCode>14850</postalCode>
                <country>UNITED_STATES</country>
            </address>
        </creator>
        <creator>
            <individualName>
                <givenName>Ian</givenName>
                <surName>Davies</surName>
            </individualName>
            <organizationName>Cornell Lab of Ornithology</organizationName>
            <address>
                <deliveryPoint>Center for Avian Population Studies, 159 Sapsucker Woods Road</deliveryPoint>
                <city>Ithaca</city>
                <administrativeArea>NY</administrativeArea>
                <postalCode>14850</postalCode>
                <country>UNITED_STATES</country>
            </address>
        </creator>
        <creator>
            <individualName>
                <givenName>Courtney</givenName>
                <surName>Davis</surName>
            </individualName>
            <organizationName>Cornell Lab of Ornithology</organizationName>
            <address>
                <deliveryPoint>Center for Avian Population Studies, 159 Sapsucker Woods Road</deliveryPoint>
                <city>Ithaca</city>
                <administrativeArea>NY</administrativeArea>
                <postalCode>14850</postalCode>
                <country>UNITED_STATES</country>
            </address>
        </creator>
        <creator>
            <individualName>
                <givenName>Renata</givenName>
                <surName>Diaz</surName>
            </individualName>
            <organizationName>Cornell Lab of Ornithology</organizationName>
            <address>
                <deliveryPoint>Center for Avian Population Studies, 159 Sapsucker Woods Road</deliveryPoint>
                <city>Ithaca</city>
                <administrativeArea>NY</administrativeArea>
                <postalCode>14850</postalCode>
                <country>UNITED_STATES</country>
            </address>
        </creator>
        <creator>
            <individualName>
                <givenName>Alexander</givenName>
                <surName>Feinberg</surName>
            </individualName>
            <organizationName>Cornell Lab of Ornithology</organizationName>
            <address>
                <deliveryPoint>Center for Avian Population Studies, 159 Sapsucker Woods Road</deliveryPoint>
                <city>Ithaca</city>
                <administrativeArea>NY</administrativeArea>
                <postalCode>14850</postalCode>
                <country>UNITED_STATES</country>
            </address>
        </creator>
        <creator>
            <individualName>
                <givenName>Daniel</givenName>
                <surName>Fink</surName>
            </individualName>
            <organizationName>Cornell Lab of Ornithology</organizationName>
            <address>
                <deliveryPoint>Center for Avian Population Studies, 159 Sapsucker Woods Road</deliveryPoint>
                <city>Ithaca</city>
                <administrativeArea>NY</administrativeArea>
                <postalCode>14850</postalCode>
                <country>UNITED_STATES</country>
            </address>
        </creator>
        <creator>
            <individualName>
                <givenName>Joshua</givenName>
                <surName>Ganger</surName>
            </individualName>
            <organizationName>Cornell Lab of Ornithology</organizationName>
            <address>
                <deliveryPoint>Center for Avian Population Studies, 159 Sapsucker Woods Road</deliveryPoint>
                <city>Ithaca</city>
                <administrativeArea>NY</administrativeArea>
                <postalCode>14850</postalCode>
                <country>UNITED_STATES</country>
            </address>
        </creator>
        <creator>
            <individualName>
                <givenName>John</givenName>
                <surName>Garrett</surName>
            </individualName>
            <organizationName>Cornell Lab of Ornithology</organizationName>
            <address>
                <deliveryPoint>Center for Avian Population Studies, 159 Sapsucker Woods Road</deliveryPoint>
                <city>Ithaca</city>
                <administrativeArea>NY</administrativeArea>
                <postalCode>14850</postalCode>
                <country>UNITED_STATES</country>
            </address>
        </creator>
        <creator>
            <individualName>
                <givenName>Jeff</givenName>
                <surName>Gerbracht</surName>
            </individualName>
            <organizationName>Cornell Lab of Ornithology</organizationName>
            <address>
                <deliveryPoint>Center for Avian Population Studies, 159 Sapsucker Woods Road</deliveryPoint>
                <city>Ithaca</city>
                <administrativeArea>NY</administrativeArea>
                <postalCode>14850</postalCode>
                <country>UNITED_STATES</country>
            </address>
        </creator>
        <creator>
            <individualName>
                <givenName>Cullen</givenName>
                <surName>Hanks</surName>
            </individualName>
            <organizationName>Cornell Lab of Ornithology</organizationName>
            <address>
                <deliveryPoint>Macaulay Library, 159 Sapsucker Woods Road</deliveryPoint>
                <city>Ithaca</city>
                <administrativeArea>NY</administrativeArea>
                <postalCode>14850</postalCode>
                <country>UNITED_STATES</country>
            </address>
        </creator>
        <creator>
            <individualName>
                <givenName>Mike</givenName>
                <surName>Hayes</surName>
            </individualName>
            <organizationName>Cornell Lab of Ornithology</organizationName>
            <address>
                <deliveryPoint>Center for Avian Population Studies, 159 Sapsucker Woods Road</deliveryPoint>
                <city>Ithaca</city>
                <administrativeArea>NY</administrativeArea>
                <postalCode>14850</postalCode>
                <country>UNITED_STATES</country>
            </address>
        </creator>
        <creator>
            <individualName>
                <givenName>Wesley</givenName>
                <surName>Hochachka</surName>
            </individualName>
            <organizationName>Cornell Lab of Ornithology</organizationName>
            <address>
                <deliveryPoint>Center for Avian Population Studies, 159 Sapsucker Woods Road</deliveryPoint>
                <city>Ithaca</city>
                <administrativeArea>NY</administrativeArea>
                <postalCode>14850</postalCode>
                <country>UNITED_STATES</country>
            </address>
        </creator>
        <creator>
            <individualName>
                <givenName>Marshall</givenName>
                <surName>Iliff</surName>
            </individualName>
            <organizationName>Cornell Lab of Ornithology</organizationName>
            <address>
                <deliveryPoint>Center for Avian Population Studies, 159 Sapsucker Woods Road</deliveryPoint>
                <city>Ithaca</city>
                <administrativeArea>NY</administrativeArea>
                <postalCode>14850</postalCode>
                <country>UNITED_STATES</country>
            </address>
        </creator>
        <creator>
            <individualName>
                <givenName>Adam</givenName>
                <surName>Jordan</surName>
            </individualName>
            <organizationName>Cornell Lab of Ornithology</organizationName>
            <address>
                <deliveryPoint>Center for Avian Population Studies, 159 Sapsucker Woods Road</deliveryPoint>
                <city>Ithaca</city>
                <administrativeArea>NY</administrativeArea>
                <postalCode>14850</postalCode>
                <country>UNITED_STATES</country>
            </address>
        </creator>
        <creator>
            <individualName>
                <givenName>Shawn</givenName>
                <surName>Ligocki</surName>
            </individualName>
            <organizationName>Cornell Lab of Ornithology</organizationName>
            <address>
                <deliveryPoint>Center for Avian Population Studies, 159 Sapsucker Woods Road</deliveryPoint>
                <city>Ithaca</city>
                <administrativeArea>NY</administrativeArea>
                <postalCode>14850</postalCode>
                <country>UNITED_STATES</country>
            </address>
        </creator>
        <creator>
            <individualName>
                <givenName>Taylor</givenName>
                <surName>Long</surName>
            </individualName>
            <organizationName>Cornell Lab of Ornithology</organizationName>
            <address>
                <deliveryPoint>Center for Avian Population Studies, 159 Sapsucker Woods Road</deliveryPoint>
                <city>Ithaca</city>
                <administrativeArea>NY</administrativeArea>
                <postalCode>14850</postalCode>
                <country>UNITED_STATES</country>
            </address>
        </creator>
        <creator>
            <individualName>
                <givenName>William</givenName>
                <surName>Morris</surName>
            </individualName>
            <organizationName>Cornell Lab of Ornithology</organizationName>
            <address>
                <deliveryPoint>Center for Avian Population Studies, 159 Sapsucker Woods Road</deliveryPoint>
                <city>Ithaca</city>
                <administrativeArea>NY</administrativeArea>
                <postalCode>14850</postalCode>
                <country>UNITED_STATES</country>
            </address>
        </creator>
        <creator>
            <individualName>
                <givenName>Stephen</givenName>
                <surName>Morrow</surName>
            </individualName>
            <organizationName>Cornell Lab of Ornithology</organizationName>
            <address>
                <deliveryPoint>Center for Avian Population Studies, 159 Sapsucker Woods Road</deliveryPoint>
                <city>Ithaca</city>
                <administrativeArea>NY</administrativeArea>
                <postalCode>14850</postalCode>
                <country>UNITED_STATES</country>
            </address>
        </creator>
        <creator>
            <individualName>
                <givenName>Lauren</givenName>
                <surName>Oldham</surName>
            </individualName>
            <organizationName>Cornell Lab of Ornithology</organizationName>
            <address>
                <deliveryPoint>Center for Avian Population Studies, 159 Sapsucker Woods Road</deliveryPoint>
                <city>Ithaca</city>
                <administrativeArea>NY</administrativeArea>
                <postalCode>14850</postalCode>
                <country>UNITED_STATES</country>
            </address>
        </creator>
        <creator>
            <individualName>
                <givenName>Francisco</givenName>
                <surName>Padilla Obregon</surName>
            </individualName>
            <organizationName>Cornell Lab of Ornithology</organizationName>
            <address>
                <deliveryPoint>Center for Avian Population Studies, 159 Sapsucker Woods Road</deliveryPoint>
                <city>Ithaca</city>
                <administrativeArea>NY</administrativeArea>
                <postalCode>14850</postalCode>
                <country>UNITED_STATES</country>
            </address>
        </creator>
        <creator>
            <individualName>
                <givenName>Orin</givenName>
                <surName>Robinson</surName>
            </individualName>
            <organizationName>Cornell Lab of Ornithology</organizationName>
            <address>
                <deliveryPoint>Center for Avian Population Studies, 159 Sapsucker Woods Road</deliveryPoint>
                <city>Ithaca</city>
                <administrativeArea>NY</administrativeArea>
                <postalCode>14850</postalCode>
                <country>UNITED_STATES</country>
            </address>
        </creator>
        <creator>
            <individualName>
                <givenName>Amanda</givenName>
                <surName>Rodewald</surName>
            </individualName>
            <organizationName>Cornell Lab of Ornithology</organizationName>
            <address>
                <deliveryPoint>Center for Avian Population Studies, 159 Sapsucker Woods Road</deliveryPoint>
                <city>Ithaca</city>
                <administrativeArea>NY</administrativeArea>
                <postalCode>14850</postalCode>
                <country>UNITED_STATES</country>
            </address>
        </creator>
        <creator>
            <individualName>
                <givenName>Viviana</givenName>
                <surName>Ruiz-Gutierrez</surName>
            </individualName>
            <organizationName>Cornell Lab of Ornithology</organizationName>
            <address>
                <deliveryPoint>Center for Avian Population Studies, 159 Sapsucker Woods Road</deliveryPoint>
                <city>Ithaca</city>
                <administrativeArea>NY</administrativeArea>
                <postalCode>14850</postalCode>
                <country>UNITED_STATES</country>
            </address>
        </creator>
        <creator>
            <individualName>
                <givenName>Matt</givenName>
                <surName>Schloss</surName>
            </individualName>
            <organizationName>Cornell Lab of Ornithology</organizationName>
            <address>
                <deliveryPoint>Macaulay Library, 159 Sapsucker Woods Road</deliveryPoint>
                <city>Ithaca</city>
                <administrativeArea>NY</administrativeArea>
                <postalCode>14850</postalCode>
                <country>UNITED_STATES</country>
            </address>
        </creator>
        <creator>
            <individualName>
                <givenName>Alli</givenName>
                <surName>Smith</surName>
            </individualName>
            <organizationName>Cornell Lab of Ornithology</organizationName>
            <address>
                <deliveryPoint>Macaulay Library, 159 Sapsucker Woods Road</deliveryPoint>
                <city>Ithaca</city>
                <administrativeArea>NY</administrativeArea>
                <postalCode>14850</postalCode>
                <country>UNITED_STATES</country>
            </address>
        </creator>
        <creator>
            <individualName>
                <givenName>Jeremy</givenName>
                <surName>Smith</surName>
            </individualName>
            <organizationName>Cornell Lab of Ornithology</organizationName>
            <address>
                <deliveryPoint>Macaulay Library, 159 Sapsucker Woods Road</deliveryPoint>
                <city>Ithaca</city>
                <administrativeArea>NY</administrativeArea>
                <postalCode>14850</postalCode>
                <country>UNITED_STATES</country>
            </address>
        </creator>
        <creator>
            <individualName>
                <givenName>Andrew</givenName>
                <surName>Stillman</surName>
            </individualName>
            <organizationName>Cornell Lab of Ornithology</organizationName>
            <address>
                <deliveryPoint>Center for Avian Population Studies, 159 Sapsucker Woods Road</deliveryPoint>
                <city>Ithaca</city>
                <administrativeArea>NY</administrativeArea>
                <postalCode>14850</postalCode>
                <country>UNITED_STATES</country>
            </address>
        </creator>
        <creator>
            <individualName>
                <givenName>Myles</givenName>
                <surName>Stokowski</surName>
            </individualName>
            <organizationName>Cornell Lab of Ornithology</organizationName>
            <address>
                <deliveryPoint>Center for Avian Population Studies, 159 Sapsucker Woods Road</deliveryPoint>
                <city>Ithaca</city>
                <administrativeArea>NY</administrativeArea>
                <postalCode>14850</postalCode>
                <country>UNITED_STATES</country>
            </address>
        </creator>
        <creator>
            <individualName>
                <givenName>Matt</givenName>
                <surName>Strimas-Mackey</surName>
            </individualName>
            <organizationName>Cornell Lab of Ornithology</organizationName>
            <address>
                <deliveryPoint>Center for Avian Population Studies, 159 Sapsucker Woods Road</deliveryPoint>
                <city>Ithaca</city>
                <administrativeArea>NY</administrativeArea>
                <postalCode>14850</postalCode>
                <country>UNITED_STATES</country>
            </address>
        </creator>
        <creator>
            <individualName>
                <givenName>Brian</givenName>
                <surName>Sullivan</surName>
            </individualName>
            <organizationName>Cornell Lab of Ornithology</organizationName>
            <address>
                <deliveryPoint>Biodiversity Studies and Higher Education, 159 Sapsucker Woods Road</deliveryPoint>
                <city>Ithaca</city>
                <administrativeArea>NY</administrativeArea>
                <postalCode>14850</postalCode>
                <country>UNITED_STATES</country>
            </address>
        </creator>
        <creator>
            <individualName>
                <givenName>Alexander</givenName>
                <surName>Tedeschi</surName>
            </individualName>
            <organizationName>Cornell Lab of Ornithology</organizationName>
            <address>
                <deliveryPoint>Center for Avian Population Studies, 159 Sapsucker Woods Road</deliveryPoint>
                <city>Ithaca</city>
                <administrativeArea>NY</administrativeArea>
                <postalCode>14850</postalCode>
                <country>UNITED_STATES</country>
            </address>
        </creator>
        <creator>
            <individualName>
                <givenName>Drew</givenName>
                <surName>Weber</surName>
            </individualName>
            <organizationName>Cornell Lab of Ornithology</organizationName>
            <address>
                <deliveryPoint>Macaulay Library, 159 Sapsucker Woods Road</deliveryPoint>
                <city>Ithaca</city>
                <administrativeArea>NY</administrativeArea>
                <postalCode>14850</postalCode>
                <country>UNITED_STATES</country>
            </address>
        </creator>
        <creator>
            <individualName>
                <givenName>Heather</givenName>
                <surName>Wolf</surName>
            </individualName>
            <organizationName>Cornell Lab of Ornithology</organizationName>
            <address>
                <deliveryPoint>Center for Avian Population Studies, 159 Sapsucker Woods Road</deliveryPoint>
                <city>Ithaca</city>
                <administrativeArea>NY</administrativeArea>
                <postalCode>14850</postalCode>
                <country>UNITED_STATES</country>
            </address>
        </creator>
        <creator>
            <individualName>
                <givenName>Christopher</givenName>
                <surName>Wood</surName>
            </individualName>
            <organizationName>Cornell Lab of Ornithology</organizationName>
            <positionName>Program Director</positionName>
            <address>
                <deliveryPoint>Center for Avian Population Studies, 159 Sapsucker Woods Road</deliveryPoint>
                <city>Ithaca</city>
                <administrativeArea>NY</administrativeArea>
                <postalCode>14850</postalCode>
                <country>UNITED_STATES</country>
            </address>
            <electronicMailAddress>ebird@cornell.edu</electronicMailAddress>
        </creator>
        <pubDate>
                2025-08-08
        </pubDate>
        <language>ENGLISH</language>
        <abstract>
            <para>eBird is a collective enterprise that takes a novel approach to citizen science by developing cooperative partnerships among experts in a wide range of fields: population ecologists, conservation biologists, quantitative ecologists, statisticians, computer scientists, GIS and informatics specialists, application developers, and data administrators. Managed by the Cornell Lab of Ornithology eBird’s goal is to increase data quantity through participant recruitment and engagement globally, but also to quantify and control for data quality issues such as observer variability, imperfect detection of species, and both spatial and temporal bias in data collection. eBird data are openly available and used by a broad spectrum of students, teachers, scientists, NGOs, government agencies, land managers, and policy makers. The result is that eBird has become a major source of biodiversity data, increasing our knowledge of the dynamics of species distributions, and having a direct impact on the conservation of birds and their habitats.</para>
        </abstract>
        <keywordSet>
            <keyword>Occurrence</keyword>
            <keywordThesaurus>GBIF Dataset Type Vocabulary: http://rs.gbif.org/vocabulary/gbif/dataset_type.xml</keywordThesaurus>
        </keywordSet>
        <keywordSet>
            <keyword>Observation</keyword>
            <keywordThesaurus>GBIF Dataset Subtype Vocabulary: http://rs.gbif.org/vocabulary/gbif/dataset_subtype.xml</keywordThesaurus>
        </keywordSet>
        <additionalInfo>
            <para>Data released annually.  These data are made available through the Cornell Lab of Ornithology at Cornell University. No warranty either expressed or implied is made regarding the accuracy of these data.</para>
        </additionalInfo>
        <intellectualRights>
            <para>This work is licensed under a <ulink url="http://creativecommons.org/licenses/by/4.0/legalcode"><citetitle>Creative Commons Attribution (CC-BY) 4.0 License</citetitle></ulink>.</para>
        </intellectualRights>
        <licensed>
            <licenseName>Creative Commons Attribution 4.0 International</licenseName>
            <url>https://spdx.org/licenses/CC-BY-4.0.html</url>
            <identifier>CC-BY-4.0</identifier>
        </licensed>
        <distribution scope="document">
            <online>
                <url function="information">https://ebird.org/</url>
            </online>
        </distribution>
        <distribution scope="document">
            <online>
                <url function="download">https://hosted-datasets.gbif.org/eBird/2024-eBird-dwca-1.0.zip</url>
            </online>
        </distribution>
        <coverage>
            <geographicCoverage>
                <geographicDescription>Worldwide</geographicDescription>
                <boundingCoordinates>
                    <westBoundingCoordinate>-180</westBoundingCoordinate>
                    <eastBoundingCoordinate>180</eastBoundingCoordinate>
                    <northBoundingCoordinate>90</northBoundingCoordinate>
                    <southBoundingCoordinate>-90</southBoundingCoordinate>
                </boundingCoordinates>
            </geographicCoverage>
            <temporalCoverage>
                <rangeOfDates>
                    <beginDate>
                        <calendarDate>                1800-01-01
</calendarDate>
                    </beginDate>
                    <endDate>
                        <calendarDate>                2024-12-31
</calendarDate>
                    </endDate>
                </rangeOfDates>
            </temporalCoverage>
            <taxonomicCoverage>
                <generalTaxonomicCoverage>Taxonomic authority: The Clements Checklist of Birds, Sixth Edition, v2024</generalTaxonomicCoverage>
                <taxonomicClassification>
                    <taxonRankName>Class</taxonRankName>
                    <taxonRankValue>Aves</taxonRankValue>
                    <commonName>birds</commonName>
                </taxonomicClassification>
            </taxonomicCoverage>
        </coverage>
        <contact>
            <individualName>
                <givenName>Jasdev</givenName>
                <surName>Imani</surName>
            </individualName>
            <organizationName>Cornell Lab of Ornithology</organizationName>
            <positionName>Technical Lead</positionName>
            <address>
                <deliveryPoint>Center for Avian Population Studies, 159 Sapsucker Woods Road</deliveryPoint>
                <city>Ithaca</city>
                <administrativeArea>NY</administrativeArea>
                <postalCode>14850</postalCode>
                <country>UNITED_STATES</country>
            </address>
            <electronicMailAddress>ebird@cornell.edu</electronicMailAddress>
        </contact>

    </dataset>

    <additionalMetadata>
        <metadata>
            <gbif>
                <dateStamp>2025-10-27T13:59:36Z</dateStamp>
                <citation>Imani J, Audette C, Auer T, Barker S, Barry J, Charnoky M, Crowley C, Curtis J, Davies I, Davis C, Diaz R, Feinberg A, Fink D, Ganger J, Garrett J, Gerbracht J, Hanks C, Hayes M, Hochachka W, Iliff M, Jordan A, Ligocki S, Long T, Morris W, Morrow S, Oldham L, Padilla Obregon F, Robinson O, Rodewald A, Ruiz-Gutierrez V, Schloss M, Smith A, Smith J, Stillman A, Stokowski M, Strimas-Mackey M, Sullivan B, Tedeschi A, Weber D, Wolf H, Wood C (2025). EOD – eBird Observation Dataset. Cornell Lab of Ornithology. Occurrence dataset https://doi.org/10.15468/aomfnb accessed via GBIF.org on 2025-10-27.</citation>
            </gbif>
        </metadata>
    </additionalMetadata>
    </eml:eml>
