<?xml version="1.0" encoding="utf-8"?>
<eml:eml xmlns:eml="https://eml.ecoinformatics.org/eml-2.2.0" xmlns:xsi="http://www.w3.org/2001/XMLSchema-instance"
         xsi:schemaLocation="https://eml.ecoinformatics.org/eml-2.2.0 https://rs.gbif.org/schema/eml-gbif-profile/1.3/eml.xsd"
packageId="830fd460-f762-11e1-a439-00145eb45e9a"  system="http://gbif.org" scope="system"
xml:lang="en">
    <dataset>
        <alternateIdentifier>10.15468/a2cmfl</alternateIdentifier>
        <alternateIdentifier>https://ipt.vertnet.org/resource?r=uwbm_birds</alternateIdentifier>
        <alternateIdentifier>http://ipt.vertnet.org:8080/ipt/resource?r=uwbm_birds</alternateIdentifier>
        <alternateIdentifier>http://ipt.vertnet.org:8080/ipt/resource.do?r=uwbm_birds</alternateIdentifier>
        <alternateIdentifier>830fd460-f762-11e1-a439-00145eb45e9a</alternateIdentifier>
        <alternateIdentifier>125</alternateIdentifier>
        <title>UWBM Ornithology Collection</title>
        <creator>
            <individualName>
                <givenName>Kevin</givenName>
                <surName>Epperly</surName>
            </individualName>
            <organizationName>University of Washington Burke Museum</organizationName>
            <positionName>Collections Manager</positionName>
            <address>
                <deliveryPoint>Box 353010</deliveryPoint>
                <city>Seattle</city>
                <administrativeArea>WA</administrativeArea>
                <postalCode>98195</postalCode>
                <country>UNITED_STATES</country>
            </address>
            <phone>+1 206-543-1668</phone>
            <electronicMailAddress>kepperly@uw.edu</electronicMailAddress>
            <onlineUrl>http://www.burkemuseum.org/</onlineUrl>
        </creator>
        <metadataProvider>
            <individualName>
                <givenName>Kevin</givenName>
                <surName>Epperly</surName>
            </individualName>
            <organizationName>University of Washington Burke Museum</organizationName>
            <positionName>Collection Manager</positionName>
            <address>
                <deliveryPoint>Box 353010</deliveryPoint>
                <city>Seattle</city>
                <administrativeArea>WA</administrativeArea>
                <postalCode>98195</postalCode>
                <country>UNITED_STATES</country>
            </address>
            <phone>+1 206-543-1668</phone>
            <electronicMailAddress>kepperly@uw.edu</electronicMailAddress>
            <onlineUrl>http://www.burkemuseum.org/</onlineUrl>
        </metadataProvider>
        <associatedParty>
            <individualName>
                <givenName>David</givenName>
                <surName>Bloom</surName>
            </individualName>
            <organizationName>VertNet</organizationName>
            <positionName>VertNet Coordinator</positionName>
            <electronicMailAddress>dbloom@vertnet.org</electronicMailAddress>
            <onlineUrl>http://www.vertnet.org</onlineUrl>
            <role>PROGRAMMER</role>
        </associatedParty>
        <associatedParty>
            <individualName>
                <givenName>John</givenName>
                <surName>Wieczorek</surName>
            </individualName>
            <organizationName>Museum of Vertebrate Zoology at UC Berkeley</organizationName>
            <positionName>Information Architect</positionName>
            <electronicMailAddress>tuco@berkeley.edu</electronicMailAddress>
            <role>PROGRAMMER</role>
        </associatedParty>
        <associatedParty>
            <individualName>
                <givenName>Alejandro</givenName>
                <surName>Rico-Guevara</surName>
            </individualName>
            <organizationName>University of Washington, Burke Museum</organizationName>
            <positionName>Curator</positionName>
            <address>
                <city>Seattle</city>
                <country>UNITED_STATES</country>
            </address>
            <electronicMailAddress>colibri@uw.edu</electronicMailAddress>
            <role>CURATOR</role>
        </associatedParty>
        <associatedParty>
            <individualName>
                <givenName>Chris</givenName>
                <surName>Wood</surName>
            </individualName>
            <organizationName>University of Washington, Burke Museum</organizationName>
            <positionName>Colections Manager</positionName>
            <address>
                <city>Seattle</city>
                <administrativeArea>Washington</administrativeArea>
                <country>UNITED_STATES</country>
            </address>
            <electronicMailAddress>puffinus@uw.edu</electronicMailAddress>
            <role>POINT_OF_CONTACT</role>
        </associatedParty>
        <pubDate>
                2024-07-29
        </pubDate>
        <language>ENGLISH</language>
        <abstract>
            The ornithological collections at the Burke Museum are relatively modern, with more than 85% of the collection built in the past 20 years. These bird specimens are used for teaching, research, and art. We are particularly known for our special collections such as spread wings (the largest such collection in the world) and bird tissues (probably the world&amp;#39;s second largest collection).
        </abstract>
        <keywordSet>
            <keyword>Occurrence</keyword>
            <keywordThesaurus>GBIF Dataset Type Vocabulary: http://rs.gbif.org/vocabulary/gbif/dataset_type.xml</keywordThesaurus>
        </keywordSet>
        <keywordSet>
            <keyword>Specimen</keyword>
            <keywordThesaurus>GBIF Dataset Subtype Vocabulary: http://rs.gbif.org/vocabulary/gbif/dataset_subtype.xml</keywordThesaurus>
        </keywordSet>
        <keywordSet>
            <keyword>Occurrence</keyword>
            <keywordThesaurus>GBIF Dataset Type Vocabulary: http://rs.gbif.org/vocabulary/gbif/dataset_type_2015-07-10.xml</keywordThesaurus>
        </keywordSet>
        <additionalInfo>
            <para>http://vertnet.org/resources/norms.html</para>
        </additionalInfo>
        <intellectualRights>
            <para>To the extent possible under law, the publisher has waived all rights to these data and has dedicated them to the <ulink url="http://creativecommons.org/publicdomain/zero/1.0/legalcode"><citetitle>Public Domain (CC0 1.0)</citetitle></ulink>. Users may copy, modify, distribute and use the work, including for commercial purposes, without restriction.</para>
        </intellectualRights>
        <licensed>
            <licenseName>Creative Commons Zero v1.0 Universal</licenseName>
            <url>https://spdx.org/licenses/CC0-1.0.html</url>
            <identifier>CC0-1.0</identifier>
        </licensed>
        <distribution scope="document">
            <online>
                <url function="information">http://www.burkemuseum.org/ornithology/</url>
            </online>
        </distribution>
        <distribution scope="document">
            <online>
                <url function="download">https://ipt.vertnet.org/archive.do?r=uwbm_birds</url>
            </online>
        </distribution>
        <coverage>
            <geographicCoverage>
                <geographicDescription>We maintain a comprehensive collection of birds from the Pacific Northwest, North America, and many other parts of the world including unsurpassed modern collections from many localities throughout the former Soviet Union and Mongolia, samples from transects crossing major Australian biogeographic divides, and major new bird collections from the Solomon Islands.</geographicDescription>
                <boundingCoordinates>
                    <westBoundingCoordinate>-180</westBoundingCoordinate>
                    <eastBoundingCoordinate>180</eastBoundingCoordinate>
                    <northBoundingCoordinate>90</northBoundingCoordinate>
                    <southBoundingCoordinate>-90</southBoundingCoordinate>
                </boundingCoordinates>
            </geographicCoverage>
            <taxonomicCoverage>
                <generalTaxonomicCoverage>Specific research projects began driving Ornithology collecting programs by the mid-1980s. These special research collections now include: an extensive series of hybrid warblers, a large series of North Pacific seabirds, a series of most of the pipits of the world, a superb series of most of the grouse of the world, and late-summer samples of various western North American birds that depend on the Mexican Monsoon for their fall molt.</generalTaxonomicCoverage>
                <taxonomicClassification>
                    <taxonRankName>Class</taxonRankName>
                    <taxonRankValue>Aves</taxonRankValue>
                    <commonName>Birds</commonName>
                </taxonomicClassification>
            </taxonomicCoverage>
        </coverage>
        <maintenance>
            <description>
                <para></para>
            </description>
            <maintenanceUpdateFrequency>monthly</maintenanceUpdateFrequency>
        </maintenance>
        <contact>
            <individualName>
                <givenName>Kevin</givenName>
                <surName>Epperly</surName>
            </individualName>
            <organizationName>University of Washington Burke Museum</organizationName>
            <positionName>Collection Manager</positionName>
            <address>
                <deliveryPoint>Box 353010</deliveryPoint>
                <city>Seattle</city>
                <administrativeArea>WA</administrativeArea>
                <postalCode>98195</postalCode>
                <country>UNITED_STATES</country>
            </address>
            <phone>+1 206-543-1668</phone>
            <electronicMailAddress>kepperly@uw.edu</electronicMailAddress>
            <onlineUrl>http://www.burkemuseum.org/</onlineUrl>
        </contact>

    </dataset>

    <additionalMetadata>
        <metadata>
            <gbif>
                <dateStamp>2025-10-27T13:59:36Z</dateStamp>
                <citation identifier="UWBM">Epperly K (2024). UWBM Ornithology Collection. University of Washington Burke Museum. Occurrence dataset https://doi.org/10.15468/a2cmfl accessed via GBIF.org on 2025-10-27.</citation>
            </gbif>
        </metadata>
    </additionalMetadata>
    </eml:eml>
