<?xml version="1.0" encoding="utf-8"?>
<eml:eml xmlns:eml="https://eml.ecoinformatics.org/eml-2.2.0" xmlns:xsi="http://www.w3.org/2001/XMLSchema-instance"
         xsi:schemaLocation="https://eml.ecoinformatics.org/eml-2.2.0 https://rs.gbif.org/schema/eml-gbif-profile/1.3/eml.xsd"
packageId="84fbcbee-f762-11e1-a439-00145eb45e9a"  system="http://gbif.org" scope="system"
xml:lang="en">
    <dataset>
        <alternateIdentifier>10.15468/zhoe2y</alternateIdentifier>
        <alternateIdentifier>777</alternateIdentifier>
        <title>CNAV/Coleccion Nacional de Aves</title>
        <associatedParty>
            <individualName>
                <surName>Ubaldo Melo Samper Palacios</surName>
            </individualName>
            <phone>+52 55 56228971</phone>
            <electronicMailAddress>ubaldo@unibio.unam.mx</electronicMailAddress>
            <role>TECHNICAL_POINT_OF_CONTACT</role>
        </associatedParty>
        <associatedParty>
            <individualName>
                <surName>Daniel Pérez Castillo</surName>
            </individualName>
            <phone>+52 55 56228971</phone>
            <electronicMailAddress>daniel@unibio.unam.mx</electronicMailAddress>
            <role>TECHNICAL_POINT_OF_CONTACT</role>
        </associatedParty>
        <language>ENGLISH</language>
        <intellectualRights>
            <para>This work is licensed under a <ulink url="http://creativecommons.org/licenses/by-nc/4.0/legalcode"><citetitle>Creative Commons Attribution Non Commercial (CC-BY-NC) 4.0 License</citetitle></ulink>.</para>
        </intellectualRights>
        <licensed>
            <licenseName>Creative Commons Attribution Non Commercial 4.0 International</licenseName>
            <url>https://spdx.org/licenses/CC-BY-NC-4.0.html</url>
            <identifier>CC-BY-NC-4.0</identifier>
        </licensed>
        <distribution scope="document">
            <online>
                <url function="information">http://digir.unibio.unam.mx</url>
            </online>
        </distribution>
        <distribution scope="document">
            <online>
                <url function="download">https://orphans.gbif.org/MX/84fbcbee-f762-11e1-a439-00145eb45e9a.zip</url>
            </online>
        </distribution>
        <maintenance>
            <description>
                <para></para>
            </description>
            <maintenanceUpdateFrequency>unkown</maintenanceUpdateFrequency>
        </maintenance>
        <contact>
            <individualName>
                <surName>Joaquín Giménez Héau</surName>
            </individualName>
            <phone>+52 55 56228969</phone>
            <electronicMailAddress>joaquin@unibio.unam.mx</electronicMailAddress>
        </contact>
        <contact>
            <individualName>
                <surName>Patricia Escalante Pliego</surName>
            </individualName>
            <electronicMailAddress>tilmatura@ibiologia.unam.mx</electronicMailAddress>
        </contact>
        <contact>
            <individualName>
                <surName>Dalia Ayala Islas</surName>
            </individualName>
            <phone>+52 55 56229129 ext 47823</phone>
            <electronicMailAddress>deai@ibiologia.unam.mx</electronicMailAddress>
        </contact>

    </dataset>

    <additionalMetadata>
        <metadata>
            <gbif>
                <dateStamp>2025-10-27T13:59:35Z</dateStamp>
                <citation>UNIBIO, IBUNAM. CNAV/Coleccion Nacional de Aves. Occurrence dataset https://doi.org/10.15468/zhoe2y accessed via GBIF.org on 2025-10-27.</citation>
                <physical>
                    <objectName>GBIF Occurrence Download</objectName>
                    <characterEncoding>UTF-8</characterEncoding>
                    <dataFormat>
                        <externallyDefinedFormat>
                            <formatName>Darwin Core Archive</formatName>
                        </externallyDefinedFormat>
                    </dataFormat>
                    <distribution>
                        <online>
                            <url function="download">http://api.gbif.org/v1/occurrence/download/request/0015751-180131172636756.zip</url>
                        </online>
                    </distribution>
                </physical>
            </gbif>
        </metadata>
    </additionalMetadata>
    </eml:eml>
