<?xml version="1.0" encoding="utf-8"?>
<eml:eml xmlns:eml="https://eml.ecoinformatics.org/eml-2.2.0" xmlns:xsi="http://www.w3.org/2001/XMLSchema-instance"
         xsi:schemaLocation="https://eml.ecoinformatics.org/eml-2.2.0 https://rs.gbif.org/schema/eml-gbif-profile/1.3/eml.xsd"
packageId="890c34ee-f762-11e1-a439-00145eb45e9a"  system="http://gbif.org" scope="system"
xml:lang="en">
    <dataset>
        <alternateIdentifier>10.15468/x92zzl</alternateIdentifier>
        <alternateIdentifier>2512</alternateIdentifier>
        <title>MZFC/Coleccion de Aves</title>
        <associatedParty>
            <individualName>
                <surName>Adolfo Gerardo Navarro Sigüenza</surName>
            </individualName>
            <electronicMailAddress>fcvg01@servidor.unam.mx</electronicMailAddress>
            <role>POINT_OF_CONTACT</role>
        </associatedParty>
        <associatedParty>
            <individualName>
                <surName>María Fanny Rebón Gallardo</surName>
            </individualName>
            <electronicMailAddress>frg@hp.fciencias.unam.mx</electronicMailAddress>
            <role>POINT_OF_CONTACT</role>
        </associatedParty>
        <associatedParty>
            <individualName>
                <surName>Alejandro Gordillo Martínez</surName>
            </individualName>
            <electronicMailAddress>agmcolin@servidor.unam.mx</electronicMailAddress>
            <role>POINT_OF_CONTACT</role>
        </associatedParty>
        <language>ENGLISH</language>
        <intellectualRights>
            <para>This work is licensed under a <ulink url="http://creativecommons.org/licenses/by-nc/4.0/legalcode"><citetitle>Creative Commons Attribution Non Commercial (CC-BY-NC) 4.0 License</citetitle></ulink>.</para>
        </intellectualRights>
        <licensed>
            <licenseName>Creative Commons Attribution Non Commercial 4.0 International</licenseName>
            <url>https://spdx.org/licenses/CC-BY-NC-4.0.html</url>
            <identifier>CC-BY-NC-4.0</identifier>
        </licensed>
        <distribution scope="document">
            <online>
                <url function="information">http://www.fciencias.unam.mx/</url>
            </online>
        </distribution>
        <distribution scope="document">
            <online>
                <url function="download">https://orphans.gbif.org/MX/890c34ee-f762-11e1-a439-00145eb45e9a.zip</url>
            </online>
        </distribution>
        <maintenance>
            <description>
                <para></para>
            </description>
            <maintenanceUpdateFrequency>unkown</maintenanceUpdateFrequency>
        </maintenance>

    </dataset>

    <additionalMetadata>
        <metadata>
            <gbif>
                <dateStamp>2025-10-27T13:59:35Z</dateStamp>
                <citation>Facultad de Ciencias, UNAM. MZFC/Coleccion de Aves. Occurrence dataset https://doi.org/10.15468/x92zzl accessed via GBIF.org on 2025-10-27.</citation>
                <physical>
                    <objectName>GBIF Occurrence Download</objectName>
                    <characterEncoding>UTF-8</characterEncoding>
                    <dataFormat>
                        <externallyDefinedFormat>
                            <formatName>Darwin Core Archive</formatName>
                        </externallyDefinedFormat>
                    </dataFormat>
                    <distribution>
                        <online>
                            <url function="download">http://api.gbif.org/v1/occurrence/download/request/0012341-180131172636756.zip</url>
                        </online>
                    </distribution>
                </physical>
            </gbif>
        </metadata>
    </additionalMetadata>
    </eml:eml>
