fid,gbifID,species,decimalLat,decimalLon,month,year,1_Annual_Mean_Temp,2_Mean_Diurnal_Range,3_Isothermality,4_Temperature Seasonality,5_Max_Temp_Warmest_Month,6_Min_Temp_Coldest_Month,7_Temp_Annual_Range,8_Mean_Temp_Wettest_Quarter,9_Mean_Temp_Driest_Quarter,10_Mean_Temp_Warmest_Quarter,11_Mean_Temp_Coldest_Quarter,12_Annual_Precip,13_Precip_Wettest_Month,14_Precip_Driest_Month,15_Precip_Seasonality,16_Precip_Wettest_Quarter,17_Precip_Driest_Quarter,18_Precip_Warmest_Quarter,19_Precip_Coldest_Quarter,20_Elevation
1,5147164995,Sceloporus teapensis,15.53333,-89.36864,7,1978,25.97083,8.99167,69.70286,140.08856,32.6,19.7,12.9,26.91667,25.8,27.35,24.03333,2763,514,72,66.66377,1311,226,611,317,209
2,5147487520,Sceloporus teapensis,17.21667,-89.63333,9,1975,24.66667,10.68333,65.14228,178.46992,32.8,16.4,16.4,25.5,24.25,26.5,22.21667,1669,238,39,53.8957,640,138,389,249,310
3,5147384627,Sceloporus teapensis,16.938611,-92.916667,9,1965,18.77917,13.25833,68.69603,159.32326,28.1,8.8,19.3,19.63333,16.6,20.53333,16.6,1231,246,11,92.95237,658,41,376,41,1684
4,5147159422,Sceloporus teapensis,17.484167,-92.0475,7,1977,26.1375,10.54167,59.89583,213.55354,35.2,17.6,17.6,26.93333,25.78333,28.4,23.23333,2896,452,96,50.05101,1205,320,773,486,94
5,5147404456,Sceloporus teapensis,18.623611,-95.095556,7,1979,25.47083,8.95833,57.05945,228.03964,33.3,17.6,15.7,26.61667,24.53333,27.8,22.23333,2451,464,35,71.15555,1166,136,647,354,36
6,5147034016,Sceloporus teapensis,18.428889,-95.102778,2,1976,24.60417,9.25833,56.11111,227.84024,33.2,16.7,16.5,25.45,24.05,27.01667,21.41667,1965,348,24,72.69316,925,95,336,234,395
7,476747061,Sceloporus teapensis,16.9667,-89,,1962,23.69583,10.09167,64.69017,175.6476,31.2,15.6,15.6,25.18333,23.3,25.51667,21.36667,2007,297,48,52.60564,790,176,656,350,462
8,476780792,Sceloporus teapensis,18.3506805,-95.1300053,8,1968,24.27917,9.44167,56.20039,227.62068,33.2,16.4,16.8,25.61667,23.76667,26.75,21.13333,1848,313,21,72.93722,876,92,334,210,495
9,476507120,Sceloporus teapensis,18.6506648,-95.6400183,8,1968,25.54583,9.275,57.96875,225.86658,33.6,17.6,16,27.21667,24.46667,27.86667,22.36667,1615,331,23,84.17428,876,74,526,140,3
10,476746602,Sceloporus teapensis,17.08333,-89.13333,7,1962,25.1625,10.69167,65.1931,177.22769,33.1,16.7,16.4,26.58333,24.66667,26.96667,22.75,1796,269,40,54.28135,726,148,376,294,123
11,476505428,Sceloporus teapensis,16.53333,-88.41667,8,1962,26.35,9.28333,65.83924,168.37457,33.2,19.1,14.1,27.3,25.95,27.96667,24.06667,2320,319,52,54.83171,938,181,684,378,11
12,476747291,Sceloporus teapensis,16.4,-88.55,8,1962,25.80833,9.23333,66.42685,160.60728,32.4,18.5,13.9,27.03333,25.4,27.31667,23.63333,2575,376,57,57.11753,1097,203,816,402,19
13,476667637,Sceloporus teapensis,16.8951994,-91.7596411,8,1954,22.96667,11.88333,66.01851,178.04919,32.4,14.4,18,24.03333,22.66667,24.8,20.46667,2003,350,52,66.15198,878,170,510,201,585
14,476709261,Sceloporus teapensis,16.95423,-90.13448,5,1932,25.88333,10.75,64.37126,176.87097,34.3,17.6,16.7,26.55,25.75,27.81667,23.41667,2012,311,47,58.32801,824,158,480,258,177
15,476516715,Sceloporus teapensis,17.05,-88.83333,7,1976,23.76667,9.56667,64.63964,172.26213,30.9,16.1,14.8,25.25,23.3,25.53333,21.46667,1936,276,48,51.16298,735,169,616,354,413
16,476781330,Sceloporus teapensis,17.22282,-89.62006,7,1977,24.75417,10.70833,64.89898,179.4874,32.9,16.4,16.5,25.58333,24.35,26.6,22.3,1652,236,39,54.18508,636,138,387,243,288
17,476505404,Sceloporus teapensis,17.18611,-89.00194,,1962,25.55,10.85,66.15853,175.48633,33.4,17,16.4,26.95,25,27.3,23.15,1700,248,38,52.3042,663,141,345,305,60
18,476677990,Sceloporus teapensis,16.9507526,-93.3763496,7,1954,24.66667,11.7,62.90323,204.24289,34.3,15.7,18.6,25.85,24.3,26.91667,21.88333,1525,276,30,64.76303,674,114,371,184,429
19,476747176,Sceloporus teapensis,16.4,-88.58013,8,1962,25.825,9.38333,67.02381,157.64604,32.5,18.5,14,27.03333,25.43333,27.3,23.68333,2617,392,58,58.10717,1130,205,844,400,23
20,476674508,Sceloporus teapensis,17.17921,-91.256,6,1939,25.35,10.75,63.60947,192.10555,34.3,17.4,16.9,26.56667,24.91667,27.31667,22.66667,2463,418,62,63.06255,1064,203,564,289,219
21,4018149344,Sceloporus teapensis,17.220344,-89.61132,8,2019,24.87917,10.69167,64.79798,179.77838,33,16.5,16.5,25.73333,24.45,26.71667,22.4,1644,235,38,54.32982,633,135,385,243,254
22,4028959540,Sceloporus teapensis,17.023439,-89.805627,1,2023,25.17083,10.175,63.59375,172.88275,33.2,17.2,16,25.9,24.88333,27.03333,22.78333,1753,256,39,55.92715,688,146,420,237,241
23,2397467839,Sceloporus teapensis,17.510979,-91.993047,10,2006,26.45417,10.89167,60.50926,214.24773,35.7,17.7,18,27.25,26.11667,28.7,23.53333,2755,434,90,50.65655,1149,297,739,460,65
24,4901335876,Sceloporus teapensis,17.391202,-91.999339,5,2024,25.22083,10.975,61.31284,203.58669,34.4,16.5,17.9,26,24.86667,27.36667,22.45,2734,433,91,51.48701,1142,297,757,429,304
25,2984507330,Sceloporus teapensis,17.089244,-89.139099,5,2019,25.10417,10.69167,65.1931,177.33452,33.1,16.7,16.4,26.53333,24.58333,26.93333,22.7,1786,267,40,54.17405,721,147,375,294,138
26,2984467695,Sceloporus teapensis,17.16132,-88.679698,10,2003,25.2,9.28333,64.91842,168.3611,32,17.7,14.3,26.61667,24.66667,26.86667,22.91667,1962,295,47,52.6826,771,167,649,342,103
27,3398654058,Sceloporus teapensis,16.939487,-89.896754,9,2021,25.825,9.73333,62.7957,166.75377,33.5,18,15.5,26.5,25.65,27.63333,23.5,1704,256,36,57.489,686,140,418,221,134
28,4421112714,Sceloporus teapensis,16.899792,-90.96718,9,2023,25.46667,10.63333,64.44444,181.21223,34.2,17.7,16.5,26.55,25.11667,27.33333,22.9,2977,525,60,71.28001,1411,204,649,299,179
29,3881381129,Sceloporus teapensis,16.994846,-89.670741,7,2022,25.27083,10.35833,63.54806,174.7265,33.3,17,16.3,26.56667,25.01667,27.15,22.86667,1784,251,38,55.42204,706,145,415,255,185
30,2901516663,Sceloporus teapensis,17.879715,-91.198291,10,2020,26.6875,12.34167,63.61684,212.84999,36.9,17.5,19.4,27.46667,26.41667,29,23.76667,1574,250,38,59.71843,661,133,388,189,47
31,4009941903,Sceloporus teapensis,16.732691,-88.986301,5,2022,23.2875,9.625,65.03378,170.52228,30.5,15.7,14.8,24.78333,22.98333,25.06667,21.05,2296,370,56,56.36583,966,194,783,508,594
32,3764570345,Sceloporus teapensis,17.738958,-94.997045,4,2022,25.425,10.68333,57.43727,240.16568,35.4,16.8,18.6,26.85,24.86667,28.03333,22.15,1881,365,30,82.27051,1022,103,366,175,35
33,5153486417,Sceloporus teapensis,18.439976,-95.046752,3,2023,24.4625,8.39167,55.57395,224.62218,32.2,17.1,15.1,25.46667,23.7,26.78333,21.3,1947,340,22,71.48508,902,95,594,244,380
34,4096476111,Sceloporus teapensis,17.059443,-88.848258,6,2018,23.84583,9.65833,64.38889,174.20544,31.1,16.1,15,25.33333,23.35,25.63333,21.53333,1922,275,48,51.20186,731,169,614,353,404
35,3014070143,Sceloporus teapensis,18.147917,-91.024075,10,2020,26.57917,12.425,63.71795,211.94403,37,17.5,19.5,27.8,26.15,28.88333,23.66667,1443,239,25,67.92641,643,98,347,144,34
36,1227724310,Sceloporus teapensis,18.585037,-95.075029,10,2015,25.0375,8.825,57.3052,222.51785,32.8,17.4,15.4,26.11667,24.18333,27.31667,21.88333,2384,443,34,69.97666,1120,133,640,347,215
37,3802532735,Sceloporus teapensis,17.188141,-93.049837,5,2022,18.89167,12,66.66666,180.09886,27.5,9.5,18,20.13333,17.11667,20.68333,16.38333,1465,265,28,75.45045,707,99,387,121,1461
38,2447827848,Sceloporus teapensis,17.028117,-91.511338,4,2019,23.09167,11.3,65.69768,177.01865,32.1,14.9,17.2,24.23333,22.65,24.88333,20.61667,2135,362,57,63.75133,924,184,529,229,675
39,4936692628,Sceloporus teapensis,18.035965,-93.927596,8,2024,26.02917,10.04167,61.60531,218.40805,34.4,18.1,16.3,27.2,27.01667,28.18333,22.9,2276,398,45,60.20091,1021,175,527,413,8
40,3759063312,Sceloporus teapensis,17.168914,-92.33971,6,2017,22.13333,10.95,63.2948,190.7084,30.9,13.6,17.3,22.95,21.78333,24.08333,19.5,2339,390,75,55.02935,987,248,548,322,861
41,3773293712,Sceloporus teapensis,16.194728,-92.265716,4,2022,22.59167,12.46667,68.49817,144.84842,31.6,13.4,18.2,23.2,21.4,24.26667,20.63333,1325,287,5,97.70659,684,22,413,23,1020
42,4009727317,Sceloporus teapensis,17.247216,-90.29288,6,2019,26.38333,10.9,65.66265,178.8007,34.8,18.2,16.6,27.1,26.16667,28.28333,23.86667,1862,308,35,61.97695,801,133,460,215,81
43,1227739722,Sceloporus teapensis,17.169597,-92.340152,12,2015,22.13333,10.95,63.2948,190.7084,30.9,13.6,17.3,22.95,21.78333,24.08333,19.5,2339,390,75,55.02935,987,248,548,322,861
44,891022639,Sceloporus teapensis,17.766342,-88.652029,2,2013,25.87083,10.20833,67.60485,167.55539,33,17.9,15.1,27.25,25.23333,27.48333,23.55,1685,241,44,53.18452,661,146,564,262,18
45,3407913062,Sceloporus teapensis,17.483875,-92.04623,10,2021,26.1375,10.54167,59.89583,213.55354,35.2,17.6,17.6,26.93333,25.78333,28.4,23.23333,2896,452,96,50.05101,1205,320,773,486,94
46,1586933253,Sceloporus teapensis,16.193575,-92.267218,2,2017,23.42083,12.49167,67.8895,149.01888,32.5,14.1,18.4,24.05,21.4,25.13333,21.4,1252,280,4,99.41591,639,18,399,18,807
47,1847632399,Sceloporus teapensis,17.47889,-92.048665,8,2007,25.33333,10.55,59.94318,206.89626,34.4,16.8,17.6,26.11667,24.98333,27.53333,22.55,2805,436,95,49.44335,1159,316,752,477,286
48,4006737954,Sceloporus teapensis,17.789724,-93.774048,12,2022,26.16667,10.71667,60.89015,227.84898,35.5,17.9,17.6,27.15,27.53333,28.48333,23,2257,350,49,56.03474,974,199,584,397,27
49,2242747919,Sceloporus teapensis,17.261383,-88.776446,2,2019,25.50417,10.09167,65.5303,173.36848,32.8,17.4,15.4,26.95,24.91667,27.23333,23.15,1834,277,44,52.66265,724,157,614,321,59
50,2236828412,Sceloporus teapensis,17.097693,-88.974468,1,2018,24.52917,10.24167,64.82067,176.58966,32.2,16.4,15.8,26,24,26.35,22.15,1841,273,44,52.50049,724,157,605,325,245
51,3468803397,Sceloporus teapensis,17.409136,-91.781031,10,2020,25.35833,10.86667,61.74242,201.10867,34.5,16.9,17.6,26.13333,25.03333,27.45,22.61667,2490,402,77,52.79445,1038,257,713,381,285
52,4910664104,Sceloporus teapensis,17.391714,-91.999197,12,2023,25.15,10.93333,61.42322,201.97884,34.3,16.5,17.8,25.9,24.81667,27.28333,22.41667,2731,431,90,51.29314,1139,296,752,433,318
53,3784665475,Sceloporus teapensis,17.246646,-90.292885,11,2010,26.38333,10.9,65.66265,178.8007,34.8,18.2,16.6,27.1,26.16667,28.28333,23.86667,1862,308,35,61.97695,801,133,460,215,81
54,4121351075,Sceloporus teapensis,17.916891,-88.611389,1,2019,26.00833,10.86667,68.77637,168.34532,33.3,17.5,15.8,27.43333,25.4,27.6,23.65,1574,236,41,54.78421,620,129,530,234,9
55,4976580415,Sceloporus teapensis,17.220972,-89.622619,10,2024,24.75417,10.70833,64.89898,179.4874,32.9,16.4,16.5,25.58333,24.35,26.6,22.3,1652,236,39,54.18508,636,138,387,243,288
56,4096394663,Sceloporus teapensis,17.218215,-89.806148,2,2023,25.25,10.6,64.63414,177.40555,33.4,17,16.4,26.03333,24.91667,27.1,22.8,1622,245,38,56.99686,651,128,396,214,228
57,2005298182,Sceloporus teapensis,17.48294,-92.045171,2,2019,25.33333,10.55,59.94318,206.89626,34.4,16.8,17.6,26.11667,24.98333,27.53333,22.55,2805,436,95,49.44335,1159,316,752,477,286
58,2236828407,Sceloporus teapensis,17.097731,-88.974348,5,2017,24.52917,10.24167,64.82067,176.58966,32.2,16.4,15.8,26,24,26.35,22.15,1841,273,44,52.50049,724,157,605,325,245
59,2597806810,Sceloporus teapensis,16.180669,-92.195422,1,2010,20.75417,12.45833,68.83057,139.61731,29.7,11.6,18.1,21.61667,18.83333,22.31667,18.83333,1181,249,5,96.13413,612,24,382,24,1376
60,4096534108,Sceloporus teapensis,17.05781,-88.918895,9,2020,23.44583,10.10833,64.797,177.68024,31,15.4,15.6,24.96667,22.98333,25.26667,21.1,1927,268,49,50.70969,719,174,606,353,531
61,4129687575,Sceloporus teapensis,17.757457,-88.654423,5,2023,25.9125,10.175,67.3841,167.97086,33,17.9,15.1,27.28333,25.28333,27.53333,23.58333,1691,242,45,53.16551,664,148,566,262,15
62,1990634985,Sceloporus teapensis,17.169135,-92.339888,1,2016,22.13333,10.95,63.2948,190.7084,30.9,13.6,17.3,22.95,21.78333,24.08333,19.5,2339,390,75,55.02935,987,248,548,322,861
63,5006993643,Sceloporus teapensis,17.556437,-88.534573,11,2001,25.79167,9.18333,65.13003,169.58281,32.3,18.2,14.1,27.31667,25.15,27.45,23.46667,1888,263,47,50.95749,725,172,619,324,25
64,4129792495,Sceloporus teapensis,17.757295,-88.654573,5,2023,25.9125,10.175,67.3841,167.97086,33,17.9,15.1,27.28333,25.28333,27.53333,23.58333,1691,242,45,53.16551,664,148,566,262,15
65,2251994166,Sceloporus teapensis,17.300377,-88.568212,1,2013,25.68333,9.18333,64.67136,170.61829,32.3,18.1,14.2,27.15,25.1,27.36667,23.36667,1967,302,48,53.2477,781,169,666,329,29
66,1836691937,Sceloporus teapensis,17.154194,-88.851917,3,2015,25.11667,9.95,65.03268,173.13071,32.4,17.1,15.3,26.56667,24.53333,26.85,22.76667,1840,274,43,52.48586,723,155,605,327,108
67,2005401274,Sceloporus teapensis,17.061937,-89.40563,12,2015,25.10417,10.25833,64.11458,174.17937,32.9,16.9,16,26.46667,24.68333,26.88333,22.71667,1794,259,40,55.15314,723,146,398,269,164
68,4138134586,Sceloporus teapensis,17.436518,-92.806999,6,2023,25.5875,10.275,60.44117,216.86951,34.4,17.4,17,26.48333,26.86667,27.85,22.58333,3645,535,129,43.81372,1444,449,884,733,142
69,4987839186,Sceloporus teapensis,16.75492,-92.971576,11,2024,23.85417,13.19167,65.95833,180.09416,33.9,13.9,20,24.55,22.41667,26.01667,21.5,1189,238,12,91.98405,630,39,362,46,757
70,1990503900,Sceloporus teapensis,17.971712,-94.525166,2,2013,26.17083,9.54167,57.47991,228.30859,34.9,18.3,16.6,27.25,25.33333,28.46667,22.88333,2478,432,40,66.86302,1158,154,662,347,8
71,2013729307,Sceloporus teapensis,17.257103,-92.115224,3,2019,25.2375,10.675,61,199.8195,34.3,16.8,17.5,26.03333,24.86667,27.31667,22.5,2795,452,91,52.7519,1178,301,604,427,245
72,4946141157,Sceloporus teapensis,16.76248,-89.115486,9,2024,23.5125,9.90833,65.1864,169.06326,30.9,15.7,15.2,24.93333,23.23333,25.26667,21.26667,2330,383,55,57.41131,996,194,480,362,524
73,4006735966,Sceloporus teapensis,17.750966,-93.612343,12,2022,26.03333,10.55,60.28571,229.5681,35.3,17.8,17.5,27.03333,27.45,28.33333,22.81667,2341,372,52,57.30804,1012,198,622,399,45
74,2283225334,Sceloporus teapensis,17.161385,-88.679815,7,2019,25.2,9.28333,64.91842,168.3611,32,17.7,14.3,26.61667,24.66667,26.86667,22.91667,1962,295,47,52.6826,771,167,649,342,103
75,2818723519,Sceloporus teapensis,17.0532,-88.8297,6,2018,23.26667,9.55,64.52702,173.1832,30.5,15.7,14.8,24.75,22.8,25.05,20.98333,1931,261,49,49.96814,702,175,593,365,557
76,3915488543,Sceloporus teapensis,17.946475,-92.973672,8,2022,26.625,10.41667,62.00397,219.39484,35.4,18.6,16.8,27.68333,25.93333,28.85,23.53333,2004,332,44,55.95008,868,176,500,381,7
77,4875068350,Sceloporus teapensis,17.481337,-92.031029,5,2024,25.65417,10.54167,59.55744,210.68565,34.8,17.1,17.7,26.43333,25.31667,27.9,22.81667,2815,440,94,49.9989,1168,311,757,473,225
78,3902385558,Sceloporus teapensis,17.222076,-89.623807,8,2022,24.75417,10.70833,64.89898,179.4874,32.9,16.4,16.5,25.58333,24.35,26.6,22.3,1652,236,39,54.18508,636,138,387,243,288
79,4096573165,Sceloporus teapensis,17.053247,-88.82968,12,2019,23.26667,9.55,64.52702,173.1832,30.5,15.7,14.8,24.75,22.8,25.05,20.98333,1931,261,49,49.96814,702,175,593,365,557
80,4400011608,Sceloporus teapensis,17.523232,-91.990066,7,2023,26.49583,11.05833,60.76007,214.29015,35.9,17.7,18.2,27.3,26.13333,28.75,23.58333,2728,430,89,50.69549,1137,292,732,454,67
81,1990635431,Sceloporus teapensis,17.484332,-92.047362,5,2006,26.1375,10.54167,59.89583,213.55354,35.2,17.6,17.6,26.93333,25.78333,28.4,23.23333,2896,452,96,50.05101,1205,320,773,486,94
82,4607202355,Sceloporus teapensis,16.733033,-88.985904,3,2024,23.2875,9.625,65.03378,170.52228,30.5,15.7,14.8,24.78333,22.98333,25.06667,21.05,2296,370,56,56.36583,966,194,783,508,594
83,4606961704,Sceloporus teapensis,16.733023,-88.985791,3,2024,23.2875,9.625,65.03378,170.52228,30.5,15.7,14.8,24.78333,22.98333,25.06667,21.05,2296,370,56,56.36583,966,194,783,508,594
84,2397465440,Sceloporus teapensis,17.482853,-92.045242,2,2019,25.33333,10.55,59.94318,206.89626,34.4,16.8,17.6,26.11667,24.98333,27.53333,22.55,2805,436,95,49.44335,1159,316,752,477,286
85,4009911992,Sceloporus teapensis,17.621384,-93.524115,12,2022,26.02083,10.80833,60.0463,231.43286,35.6,17.6,18,27,27.48333,28.38333,22.8,2766,422,67,53.96048,1180,253,478,498,64
86,2803086731,Sceloporus teapensis,16.794379,-89.999635,6,2020,25.4375,10.10833,63.17707,174.33153,33.4,17.4,16,26.35,25.33333,27.35,23.01667,2119,311,47,56.73767,860,176,494,286,207
87,1990635432,Sceloporus teapensis,16.116288,-91.730221,2,1989,19.7,11.28333,68.38383,143.44783,28,11.5,16.5,20.71667,19.46667,21.23333,17.68333,2405,414,40,74.50452,1144,152,626,217,1500
88,3302305576,Sceloporus teapensis,17.751967,-88.65332,4,2019,25.9125,10.175,67.3841,167.97086,33,17.9,15.1,27.28333,25.28333,27.53333,23.58333,1691,242,45,53.16551,664,148,566,262,15
89,1880482663,Sceloporus teapensis,17.48417,-92.046154,2,2008,26.1375,10.54167,59.89583,213.55354,35.2,17.6,17.6,26.93333,25.78333,28.4,23.23333,2896,452,96,50.05101,1205,320,773,486,94
90,2005403400,Sceloporus teapensis,17.484206,-92.045608,2,2017,26.1375,10.54167,59.89583,213.55354,35.2,17.6,17.6,26.93333,25.78333,28.4,23.23333,2896,452,96,50.05101,1205,320,773,486,94
91,4946189472,Sceloporus teapensis,16.764003,-89.117622,9,2024,23.52917,9.94167,64.97821,169.4169,31,15.7,15.3,24.95,23.25,25.3,21.28333,2338,385,55,57.49402,1000,193,482,363,517
92,1990635807,Sceloporus teapensis,17.169003,-92.339763,1,2007,22.13333,10.95,63.2948,190.7084,30.9,13.6,17.3,22.95,21.78333,24.08333,19.5,2339,390,75,55.02935,987,248,548,322,861
93,3892376819,Sceloporus teapensis,17.220915,-89.622984,8,2022,24.75417,10.70833,64.89898,179.4874,32.9,16.4,16.5,25.58333,24.35,26.6,22.3,1652,236,39,54.18508,636,138,387,243,288
94,4846927084,Sceloporus teapensis,17.386467,-90.077265,2,2024,25.80833,11.3,65.69767,184.20387,34.5,17.3,17.2,26.53333,25.53333,27.76667,23.26667,1638,267,34,59.60693,690,123,407,204,184
95,1883911436,Sceloporus teapensis,17.485308,-92.0461,4,2018,26.1375,10.54167,59.89583,213.55354,35.2,17.6,17.6,26.93333,25.78333,28.4,23.23333,2896,452,96,50.05101,1205,320,773,486,94
96,1847596445,Sceloporus teapensis,17.495376,-91.976037,5,2018,26.43333,10.81667,60.4283,213.71533,35.7,17.8,17.9,27.21667,26.06667,28.7,23.53333,2751,435,90,50.87255,1147,293,741,456,58
97,4129896567,Sceloporus teapensis,17.763517,-88.652805,5,2023,25.87083,10.20833,67.60485,167.55539,33,17.9,15.1,27.25,25.23333,27.48333,23.55,1685,241,44,53.18452,661,146,564,262,18
98,5140467327,Sceloporus teapensis,16.896728,-90.966668,4,2025,25.46667,10.63333,64.44444,181.21223,34.2,17.7,16.5,26.55,25.11667,27.33333,22.9,2977,525,60,71.28001,1411,204,649,299,179
99,4945936229,Sceloporus teapensis,16.762505,-89.115805,9,2024,23.5125,9.90833,65.1864,169.06326,30.9,15.7,15.2,24.93333,23.23333,25.26667,21.26667,2330,383,55,57.41131,996,194,480,362,524
100,2005298221,Sceloporus teapensis,17.483076,-92.045325,2,2019,25.33333,10.55,59.94318,206.89626,34.4,16.8,17.6,26.11667,24.98333,27.53333,22.55,2805,436,95,49.44335,1159,316,752,477,286
101,4863895203,Sceloporus teapensis,17.391744,-91.999256,12,2023,25.15,10.93333,61.42322,201.97884,34.3,16.5,17.8,25.9,24.81667,27.28333,22.41667,2731,431,90,51.29314,1139,296,752,433,318
102,2610943307,Sceloporus teapensis,17.48477,-92.045895,4,2014,26.1375,10.54167,59.89583,213.55354,35.2,17.6,17.6,26.93333,25.78333,28.4,23.23333,2896,452,96,50.05101,1205,320,773,486,94
103,2803025686,Sceloporus teapensis,16.79415,-89.999678,6,2020,25.4375,10.10833,63.17707,174.33153,33.4,17.4,16,26.35,25.33333,27.35,23.01667,2119,311,47,56.73767,860,176,494,286,207
104,1640027433,Sceloporus teapensis,17.171935,-88.963359,5,1984,25.29167,10.38333,65.30398,174.91341,32.9,17,15.9,26.71667,24.71667,27.05,22.9,1741,256,40,52.28358,680,147,568,311,74
105,657462156,Sceloporus teapensis,18.8673176,-97.033385,,,20.56667,13.68333,67.07516,216.91362,30.5,10.1,20.4,21.81667,18.48333,22.86667,17.51667,1437,260,32,75.19719,699,109,395,118,1153
106,657462130,Sceloporus teapensis,18.3865121,-95.0093355,1,1969,24.425,8.28333,54.85652,228.70683,32.1,17,15.1,26,23.61667,26.78333,21.2,1830,319,20,73.1039,854,85,574,219,343
107,657472438,Sceloporus teapensis,16.6107691,-93.4299599,6,1979,23.60833,12.38333,67.30072,171.80635,32.9,14.5,18.4,24.85,22.06667,25.53333,21.28333,913,190,6,100.98708,519,20,275,27,805
108,657404442,Sceloporus teapensis,16.9307534,-93.4499613,7,1965,22.99583,11.40833,65.19048,188.57671,31.9,14.4,17.5,24.23333,22.53333,24.95,20.38333,1365,231,26,65.2523,605,93,330,172,830
109,1318212559,Sceloporus teapensis,14.734165,-92.4096308,5,1939,28.08333,13.33333,78.43137,63.97205,36.2,19.2,17,27.9,27.45,28.98333,27.45,1433,323,1,95.29337,730,13,198,13,9
110,1317271667,Sceloporus teapensis,17.3707357,-91.9899278,7,1939,24.91667,10.98333,61.70412,197.93631,34.1,16.3,17.8,25.68333,24.56667,26.98333,22.21667,2664,423,88,51.63664,1110,288,743,415,380
111,1321304469,Sceloporus teapensis,17.3407346,-93.009952,8,1975,23.53333,10.9,61.58192,208.99471,32.6,14.9,17.7,24.38333,24.88333,25.7,20.63333,3949,559,153,42.37957,1555,520,749,774,532
112,1319386029,Sceloporus teapensis,17.4707322,-91.4299148,6,1939,26.8125,11.225,63.06179,204.72958,36.2,18.4,17.8,27.63333,26.45,28.98333,23.98333,2113,354,60,55.34561,882,201,485,310,22
113,1322495239,Sceloporus teapensis,17.5133,-91.9764,7,1939,26.47917,10.99167,60.72744,215.42197,35.8,17.7,18.1,27.28333,26.11667,28.75,23.55,2729,432,89,50.86202,1139,293,733,453,67
114,1322509427,Sceloporus teapensis,27.970226,-107.6003433,7,1939,11.42917,19.025,57.65151,513.78479,27.7,-5.3,33,17.01667,10.95,17.63333,5.06667,719,166,13,85.25758,419,48,378,115,2401
115,1322612000,Sceloporus teapensis,17.5083,-91.9917,7,1939,26.38333,10.78333,60.24209,213.44928,35.6,17.7,17.9,27.16667,26.05,28.63333,23.48333,2771,436,91,50.44546,1153,299,744,464,72
116,1318487916,Sceloporus teapensis,17.5424274,-91.9916283,7,1939,26.5625,11.29167,60.70789,216.48137,36.1,17.5,18.6,27.36667,26.21667,28.83333,23.61667,2692,423,87,50.58228,1121,288,720,448,73
117,1317451914,Sceloporus teapensis,17.5168287,-91.9732278,8,1895,26.52917,11.10833,61.03479,216.033,35.9,17.7,18.2,27.33333,26.18333,28.8,23.6,2696,427,88,51.13247,1127,286,728,442,66
118,1320696045,Sceloporus teapensis,18.06,-88.55,1,1968,25.875,10.68333,68.48291,171.86806,33.1,17.5,15.6,27.38333,25.23333,27.48333,23.46667,1482,228,32,57.46558,587,114,519,211,10
119,1319761102,Sceloporus teapensis,18.0167,-88.5167,2,1968,25.89167,10.35,68.0921,170.85126,32.9,17.7,15.2,27.36667,25.25,27.5,23.5,1516,234,36,56.88393,598,121,525,215,11
120,1321208668,Sceloporus teapensis,17.9667,-88.7167,3,1968,25.80833,11.58333,69.77912,170.59834,33.6,17,16.6,27.23333,25.23333,27.4,23.4,1482,226,38,56.6401,601,116,499,203,22
121,1321515613,Sceloporus teapensis,16.8174611,-92.5832404,10,1895,12.40833,12.48333,71.33334,147.02864,20.5,3,17.5,13.68333,10.35,13.81667,10.35,1219,232,16,80.23431,576,58,526,58,2783
122,1061348957,Sceloporus teapensis,18.4340068,-95.0166728,6,1964,24.30417,8.49167,56.2362,219.74632,32,16.9,15.1,25.31667,23.53333,26.55,21.2,1935,330,21,70.52789,884,95,591,254,414
123,1061366113,Sceloporus teapensis,16.9407442,-96.6900379,5,1968,21.14583,16.825,71.90171,146.3877,32.2,8.8,23.4,21.95,19.28333,22.83333,19.21667,623,141,2,92.79441,337,10,248,17,1589
124,1061371947,Sceloporus teapensis,17.4507319,-91.9665945,6,1972,25.575,10.63333,60.07533,210.07033,34.7,17,17.7,26.31667,25.25,27.83333,22.76667,2728,430,89,50.74225,1134,296,745,446,232
125,1061375109,Sceloporus teapensis,16.4807713,-95.0299974,2,1971,27.31667,10.28333,66.34409,147.91481,35.3,19.8,15.5,28.11667,25.76667,28.91667,25.25,1009,264,2,114.8115,619,10,291,10,30
126,1061361083,Sceloporus teapensis,16.4007737,-95.6000106,4,1969,26.925,12.7,70.94971,125.94194,35.9,18,17.9,27.63334,25.3,28.48333,25.3,616,146,1,111.71797,374,5,189,5,188
127,1061338088,Sceloporus teapensis,17.0107454,-95.0249988,8,1956,25.58333,9.76667,58.48303,207.93723,34.5,17.8,16.7,26.78333,25.18333,27.85,22.73333,2322,514,35,93.46701,1397,113,405,175,104
128,1061341693,Sceloporus teapensis,16.53923,-90.18926,,1961,26.05417,9.875,64.54249,164.50279,33.8,18.5,15.3,26.98333,25.85,27.78333,23.71667,2752,409,65,57.94143,1157,229,605,362,115
129,1061361052,Sceloporus teapensis,17.1407389,-95.06,1,1969,25.52917,9.925,58.72782,208.56062,34.6,17.7,16.9,26.7,25.16667,27.83333,22.7,2820,676,40,99.19138,1780,134,452,196,115
130,1061380151,Sceloporus teapensis,19.5339527,-96.9167184,,1978,18.675,11.01667,62.24106,208.89862,27.3,9.6,17.7,20.06667,16.41667,20.76667,15.75,1682,327,46,73.64815,819,144,423,148,1452
131,1987029075,Sceloporus teapensis,18.42,-95.11,7,1910,24.77917,9.225,55.90908,229.81671,33.4,16.9,16.5,25.63333,24.21667,27.21667,21.56667,1975,357,26,73.10037,938,97,335,228,357
132,1987063044,Sceloporus teapensis,16.7452,-90.116667,6,1933,25.7375,10.425,63.95705,174.04449,33.9,17.6,16.3,26.61667,25.68333,27.66667,23.33333,2344,349,54,57.06458,960,192,535,316,191
133,1987074889,Sceloporus teapensis,18.46,-95.2,6,1960,24.2875,9.975,57.99419,225.3293,33.3,16.1,17.2,25.1,23.8,26.71667,21.16667,2107,375,28,72.451,992,104,357,241,468
134,1987093045,Sceloporus teapensis,18.15,-95.3,8,1910,25.95833,10.25,55.40541,248.99648,35.8,17.3,18.5,27.38333,25.45,28.68333,22.53333,1290,241,13,85.61152,711,49,251,93,21
135,1987144061,Sceloporus teapensis,16.739707,-90.116667,4,1933,25.74167,10.4,63.80368,174.74443,33.9,17.6,16.3,26.63333,25.68333,27.68333,23.33333,2359,351,54,57.01651,968,194,537,318,189
136,1987146056,Sceloporus teapensis,18.44,-95.02,7,1959,24.30417,8.49167,56.2362,219.74632,32,16.9,15.1,25.31667,23.53333,26.55,21.2,1935,330,21,70.52789,884,95,591,254,414
137,1987151279,Sceloporus teapensis,18,-94.92,7,1956,25.54167,10.28333,56.50183,240.96242,35.3,17.1,18.2,26.95,25.06667,28.16667,22.21667,1715,327,20,83.81708,932,80,317,163,111
138,1987183383,Sceloporus teapensis,17.546667,-92.953333,7,1959,25.9875,10.30833,60.99606,218.4566,34.8,17.9,16.9,26.91667,27.25,28.25,22.95,3579,523,115,45.01764,1429,410,862,738,68
139,1987195050,Sceloporus teapensis,18.83,-95.87,7,1965,25.35417,9.19167,58.92095,224.99957,33.1,17.5,15.6,27.08333,24.13333,27.66667,22.2,1516,334,14,99.59692,933,46,572,75,7
140,1987203695,Sceloporus teapensis,15.516667,-89.816667,8,1938,25.5,9.03333,68.95675,136.31514,32.1,19,13.1,26.35,25.41667,26.91667,23.63333,3300,600,84,67.09314,1565,283,759,329,399
141,1987213128,Sceloporus teapensis,15.47,-90.12,8,1938,19.13333,9.65,69.42446,129.98834,26.3,12.4,13.9,19.9,19.03333,20.5,17.35,2923,474,94,57.7165,1240,297,687,349,1391
142,1987031904,Sceloporus teapensis,18.79,-95.75,12,1955,,,,,,,,,,,,,,,,,,,,
143,1987032925,Sceloporus teapensis,16.45,-95.01,3,1956,27.40417,10.325,66.61291,145.74976,35.3,19.8,15.5,28.21667,25.35,28.95,25.35,1034,274,3,113.86836,628,11,296,11,23
144,1987033669,Sceloporus teapensis,16.331111,-89.416944,4,1956,23.35417,9.85833,67.9885,150.40036,30.5,16,14.5,24.53333,23.2,24.93333,21.31667,3265,605,75,63.07156,1510,274,683,453,513
145,1987056374,Sceloporus teapensis,16.33,-89.44,4,1956,23.40417,9.825,67.75862,150.67212,30.6,16.1,14.5,24.6,23.25,24.98333,21.35,3268,604,76,63.08391,1510,274,686,451,506
146,1987067129,Sceloporus teapensis,18.5,-95.2,6,1959,22.925,9.71667,58.53413,212.96075,31.5,14.9,16.6,24.21667,22.43333,25.21667,19.98333,2287,394,31,71.41299,1065,125,398,267,712
147,1987066840,Sceloporus teapensis,16.933333,-90.166667,5,1933,25.89583,10.94167,64.36275,177.98697,34.5,17.5,17,26.51667,25.81667,27.88333,23.43333,2084,324,49,58.77097,856,166,494,264,189
148,1987088941,Sceloporus teapensis,18.46,-95.19,7,1959,24.30417,9.99167,58.09109,225.32257,33.3,16.1,17.2,25.1,23.81667,26.75,21.18333,2097,374,28,71.96978,984,104,355,246,454
149,1987120771,Sceloporus teapensis,18.48,-95.3,7,1959,24.82917,9.725,57.20588,232.48126,33.7,16.7,17,25.73333,24.18333,27.3,21.61667,2195,451,26,78.09749,1112,102,348,239,250
150,1987127830,Sceloporus teapensis,18.49,-95.06,2,1956,24.47083,9.10833,57.28512,220.44849,32.6,16.7,15.9,25.43333,23.75,26.76667,21.38333,2107,366,26,69.15012,967,112,610,288,392
151,1987131584,Sceloporus teapensis,18.44,-95.2,7,1959,25.10833,10.1,57.71429,232.61195,34.3,16.8,17.5,25.91667,24.63333,27.63333,21.88333,2110,402,31,74.75507,1032,102,342,238,301
152,1987136650,Sceloporus teapensis,18.07,-95.81,8,1959,26.15,11.28333,59.07504,240.12306,36.2,17.1,19.1,27.55,25.61667,28.75,22.83333,1832,360,26,86.94234,1008,90,403,131,24
153,1987144995,Sceloporus teapensis,16.336666,-89.391178,5,1963,23.16667,9.85,67.46576,151.61752,30.4,15.8,14.6,24.35,23.01667,24.76667,21.11667,3242,603,75,63.25002,1501,270,678,451,552
154,1987150249,Sceloporus teapensis,16.916665,-89.871683,6,1963,25.77083,9.925,62.03125,172.68547,33.7,17.7,16,26.43333,25.65,27.66667,23.38333,1712,253,35,56.85725,682,141,417,228,126
155,1987151085,Sceloporus teapensis,15.35,-89.97,2,1940,22.475,8.6,67.18751,134.34183,28.8,16,12.8,23.3,22.35,23.91667,20.66667,3596,610,102,62.56539,1615,321,849,402,912
156,1987175156,Sceloporus teapensis,15.48,-89.91,3,1940,23.8625,7.64167,65.87643,135.98338,29.7,18.1,11.6,24.7,23.73333,25.3,22.01667,3712,644,110,63.29903,1689,339,856,404,678
157,1987200903,Sceloporus teapensis,16.93,-95,3,1956,25.41667,9.65,58.48485,200.98997,34.3,17.8,16.5,26.46667,25.16667,27.66667,22.68333,2015,405,32,86.3828,1140,105,366,173,170
158,1987205331,Sceloporus teapensis,18.43,-95.22,6,1959,25.17917,9.89167,57.17727,231.96254,34.3,17,17.3,26,24.66667,27.7,21.96667,2078,409,28,76.06295,1031,99,339,232,262
159,1987204934,Sceloporus teapensis,15.4,-89.666667,9,1938,26.95833,10.23333,73.09525,131.30174,34.1,20.1,14,27.75,26.98333,28.31667,25.16667,2637,526,54,74.30527,1328,206,612,218,169
160,1987212496,Sceloporus teapensis,18.64,-95.53,8,1959,25.62917,9.625,57.98193,230.62621,34,17.4,16.6,27.26667,24.65,28.01667,22.38333,1794,359,24,81.37173,942,80,548,181,5
161,1987028068,Sceloporus teapensis,17.3,-95,3,1956,25.56667,9.88333,57.79727,224.28,34.7,17.6,17.1,26.91667,25.13333,27.95,22.46667,2678,553,44,88.4996,1551,145,479,217,34
162,1987078655,Sceloporus teapensis,18.48,-95.21,7,1959,23.65417,9.89167,58.18627,218.65765,32.5,15.5,17,24.45,23.16667,26.01667,20.63333,2186,382,29,71.91828,1014,115,377,249,589
163,1987086864,Sceloporus teapensis,16.966667,-88.983333,,1936,23.64167,10.21667,65.07431,177.18549,31.2,15.5,15.7,25.15,23.25,25.48333,21.3,2011,294,49,52.02197,783,179,651,355,485
164,1987128940,Sceloporus teapensis,17.1,-95.05,3,1956,25.50417,9.85833,59.03193,206.72182,34.4,17.7,16.7,26.68333,25.11667,27.76667,22.66667,2648,620,38,97.32284,1646,126,437,190,105
165,1987160066,Sceloporus teapensis,19.05,-96.06,7,1965,25.05417,10.475,62.35118,225.37303,33.2,16.4,16.8,26.78333,23.83333,27.33333,21.86667,1480,321,13,101.69924,909,44,578,60,34
166,1987208707,Sceloporus teapensis,16.21246,-89.436513,5,1963,23.97917,9.74167,68.12354,146.23236,31.1,16.8,14.3,25.11667,23.78333,25.51667,21.96667,3423,643,79,64.50779,1605,284,716,466,421
167,1987228445,Sceloporus teapensis,16.710623,-90.116667,6,1933,25.79167,10.4,64.19753,171.2366,33.9,17.7,16.2,26.66667,25.73333,27.68333,23.41667,2394,356,55,57.49129,988,196,544,317,173
168,1987040619,Sceloporus teapensis,18.13,-95.3,7,1959,25.95,10.28333,55.58558,248.66005,35.8,17.3,18.5,27.38333,25.38333,28.66667,22.53333,1283,239,12,86.06789,710,48,253,92,15
169,1987063191,Sceloporus teapensis,15.466667,-90.966667,7,1940,17.80417,12.475,73.81657,124.70799,26.2,9.3,16.9,18.7,17.83333,19.13333,16.11667,2786,446,78,62.56936,1228,258,712,300,1690
170,1987073734,Sceloporus teapensis,16.76,-90.13,4,1933,25.77083,10.475,63.87195,174.20544,34,17.6,16.4,26.66667,25.71667,27.7,23.36667,2316,347,53,57.15546,948,190,530,311,188
171,1987088292,Sceloporus teapensis,18.83,-97.02,2,1956,21.19583,13.50833,66.54351,222.276,31.1,10.8,20.3,22.76667,19.03333,23.51667,18.06667,1435,265,33,78.82412,716,104,413,109,810
172,1987124315,Sceloporus teapensis,18.39,-95.2,2,1956,25.54583,9.95833,56.26177,242.27576,35,17.3,17.7,26.35,25.03333,28.21667,22.2,1983,388,27,76.32664,985,93,323,218,195
173,1987144920,Sceloporus teapensis,18.62,-95.52,8,1959,25.6875,9.80833,58.03747,232.40956,34.2,17.3,16.9,27.3,24.78333,28.1,22.41667,1809,362,25,81.02008,943,83,546,185,8
174,1987167868,Sceloporus teapensis,18.29,-94.97,12,1955,22.74167,9.68333,58.33334,213.19894,31.4,14.8,16.6,24.06667,22.21667,25.01667,19.8,1939,313,21,71.7103,913,105,347,237,738
175,1987174225,Sceloporus teapensis,15.4,-89.64,3,1940,27.77083,10.375,74.10713,128.56656,34.9,20.9,14,28.55,27.81667,29.1,26.03333,2622,523,54,72.79412,1305,208,587,339,12
176,1987193031,Sceloporus teapensis,18.51,-95.03,8,1959,25.74167,8.9,57.05128,228.72008,33.6,18,15.6,26.86667,24.83333,28.08333,22.5,2462,451,35,69.86349,1151,137,654,362,7
177,1987203042,Sceloporus teapensis,15.59,-89.86,4,1940,26.45833,9.78333,70.89372,137.87071,33.5,19.7,13.8,27.33333,26.36667,27.86667,24.56667,3366,603,87,65.05034,1576,294,742,358,199
178,1987217379,Sceloporus teapensis,17,-89.7,6,1933,25.5375,10.20833,63.4058,173.75696,33.5,17.4,16.1,26.53333,25.26667,27.4,23.13333,1740,250,37,56.53373,694,139,410,236,121
179,1987118472,Sceloporus teapensis,16.987852,-89.692275,6,1963,25.6,10.25,63.27161,173.37558,33.6,17.4,16.2,26.6,25.35,27.46667,23.21667,1741,251,37,57.03313,698,138,411,235,111
180,1987118985,Sceloporus teapensis,18.18,-95.22,8,1959,26.03333,10.41667,55.4078,251.21823,36.1,17.3,18.8,27.4,25.63333,28.85,22.6,1438,271,16,81.89784,763,59,266,123,28
181,1987126572,Sceloporus teapensis,15.433333,-89.75,,1926,25.27917,9.09167,69.9359,136.98802,31.8,18.8,13,26.15,25.23333,26.66667,23.38333,2886,537,72,69.37596,1396,236,677,283,379
182,1987144527,Sceloporus teapensis,18.5,-95.03,6,1959,25.625,9.05,56.91824,230.38998,33.7,17.8,15.9,26.73333,24.73333,28,22.36667,2427,446,34,70.07137,1137,134,646,354,30
183,1987185361,Sceloporus teapensis,16.478492,-89.427327,6,1964,23.73333,10.3,67.32026,153.96774,31.2,15.9,15.3,24.93333,23.58333,25.38333,21.65,2963,533,67,62.35565,1355,247,625,410,448
184,1987214938,Sceloporus teapensis,18.42,-95.12,6,1959,24.8125,9.35833,56.03793,230.79037,33.6,16.9,16.7,25.66667,24.25,27.28333,21.58333,1978,357,26,73.28638,940,95,336,227,357
185,1987227237,Sceloporus teapensis,18.51,-95.07,2,1956,24.57083,9.125,57.38993,221.37444,32.7,16.8,15.9,25.55,23.83333,26.86667,21.46667,2177,386,28,69.46092,1009,117,615,304,360
186,1987091774,Sceloporus teapensis,18.43,-95.11,7,1959,24.65833,9.43333,56.48702,228.92867,33.4,16.7,16.7,25.48333,24.11667,27.1,21.45,1989,353,25,72.27778,937,99,336,240,389
187,1987116340,Sceloporus teapensis,15.470833,-90.370833,6,1940,19.275,12.18333,73.39358,124.58112,27.7,11.1,16.6,19.91667,19.13333,20.53333,17.53333,2405,317,97,46.13894,877,294,584,333,1319
188,1987122910,Sceloporus teapensis,18.16,-95.2,6,1960,26.05,10.51667,55.64373,251.16095,36.2,17.3,18.9,27.38333,25.68333,28.88333,22.61667,1447,274,17,82.65421,770,60,269,120,33
189,1987175200,Sceloporus teapensis,18.62,-96.31,2,1956,25.475,11.45,58.71795,240.93094,35.5,16,19.5,27.23333,25,28.16667,22.18333,1386,312,12,108.85547,879,41,331,60,66
190,1987184916,Sceloporus teapensis,18.88,-95.94,8,1959,25.55833,10.56667,60.72797,221.85001,34.3,16.9,17.4,27.06667,24.7,27.83333,22.41667,1489,325,12,100.99464,922,43,571,67,6
191,1987187486,Sceloporus teapensis,17.98,-93.03,7,1960,26.52917,10.49167,62.82435,217.14531,35.2,18.5,16.7,27.58333,27.65,28.73333,23.48333,1992,320,44,55.60632,864,175,486,380,11
192,1987032797,Sceloporus teapensis,19.14,-96.99,12,1955,18.91667,12.5,66.13757,210.50084,28,9.1,18.9,20.25,16.8,21.08333,15.95,1716,325,37,76.00339,846,126,462,136,1370
193,1987127244,Sceloporus teapensis,18.14,-95.24,7,1959,25.9,10.28333,55.58558,249.00711,35.8,17.3,18.5,27.28333,25.41667,28.66667,22.48333,1368,254,15,83.70769,739,55,261,108,40
194,1987139446,Sceloporus teapensis,17.008835,-89.066667,3,1931,24.17917,10.125,64.49045,174.92152,31.8,16.1,15.7,25.61667,23.73333,25.96667,21.83333,1928,292,45,53.99693,777,163,398,323,338
195,1987191182,Sceloporus teapensis,17.483333,-92.051667,1,1973,25.2,10.51667,60.09524,206.28754,34.2,16.7,17.5,25.98333,24.86667,27.38333,22.41667,2803,435,94,49.34452,1156,314,749,480,308
196,1987203989,Sceloporus teapensis,16.302026,-89.416944,4,1956,23.2875,9.65833,67.54079,150.1382,30.4,16.1,14.3,24.46667,23.13333,24.85,21.23333,3309,615,77,63.24854,1533,277,693,461,524
197,1987030971,Sceloporus teapensis,16.919017,-89.869225,2,1935,25.80417,9.85833,62.39452,171.39082,33.6,17.8,15.8,26.5,25.66667,27.66667,23.41667,1698,252,35,56.83029,678,140,414,226,115
198,1987042813,Sceloporus teapensis,16.331111,-89.426355,5,1963,23.3875,9.825,67.75862,150.24413,30.6,16.1,14.5,24.56667,23.25,24.96667,21.35,3264,604,75,63.19639,1510,273,684,451,508
199,1987103178,Sceloporus teapensis,18.52,-95.2,1,1958,21.7875,9.34167,58.38541,204.29619,30,14,16,23.06667,21.28333,23.95,18.96667,2503,427,36,71.10507,1178,146,441,294,910
200,4924096966,Sceloporus teapensis,17.763404,-88.652935,7,2024,25.87083,10.20833,67.60485,167.55539,33,17.9,15.1,27.25,25.23333,27.48333,23.55,1685,241,44,53.18452,661,146,564,262,18
201,4400407797,Sceloporus teapensis,17.093346,-89.387924,8,2023,24.78333,10.5,64.41718,178.02368,32.7,16.4,16.3,26.21667,24.36667,26.61667,22.36667,1778,254,40,54.24396,708,146,393,276,229
202,5153981535,Sceloporus teapensis,18.582507,-95.075827,12,2017,24.68333,8.81667,57.25108,216.09482,32.5,17.1,15.4,25.71667,23.88333,26.9,21.61667,2284,414,31,69.18628,1058,125,633,329,336
203,5147484963,Sceloporus teapensis,15.48333,-89.86667,7,1978,22.04167,8.88333,69.40104,130.72931,28.5,15.7,12.8,23.13333,21.9,23.43333,20.3,3863,713,115,64.93197,1773,349,917,412,993
204,5147286464,Sceloporus teapensis,18.591667,-95.051667,7,1979,25.52083,8.825,56.93549,223.2758,33.3,17.8,15.5,26.63333,24.58333,27.8,22.35,2473,463,35,70.61192,1170,138,656,364,87
205,4011884621,Sceloporus teapensis,17.623942,-93.528094,12,2022,26.01667,10.8,60.00001,230.07245,35.6,17.6,18,26.98333,27.48333,28.36667,22.81667,2758,421,67,53.98354,1176,252,478,497,65
206,3760204391,Sceloporus teapensis,16.763964,-89.117644,3,2022,23.52917,9.94167,64.97821,169.4169,31,15.7,15.3,24.95,23.25,25.3,21.28333,2338,385,55,57.49402,1000,193,482,363,517
207,1883518145,Sceloporus teapensis,18.585109,-95.074187,12,2017,25.3375,8.875,57.25807,223.47591,33.1,17.6,15.5,26.45,24.45,27.6,22.15,2436,456,35,70.37717,1149,135,648,357,129
208,686750316,Sceloporus teapensis,17.1707375,-95.0499999,7,1955,25.62083,9.94167,58.1384,213.64223,34.8,17.7,17.1,26.85,25.25,27.96667,22.71667,2790,642,41,96.42911,1725,134,462,202,70
209,686764994,Sceloporus teapensis,18.7470501,-95.7083502,6,1960,25.4,9.18333,58.86753,220.72194,33.3,17.7,15.6,27,24.3,27.68333,22.3,1642,356,20,90.93602,951,64,569,117,36
210,686800657,Sceloporus teapensis,17.509059,-91.980488,6,1965,26.47917,10.99167,60.72744,215.42197,35.8,17.7,18.1,27.28333,26.11667,28.75,23.55,2729,432,89,50.86202,1139,293,733,453,67
211,686800661,Sceloporus teapensis,17.5307252,-93.1099549,7,1965,25.925,10.31667,60.68628,219.67435,34.8,17.8,17,26.88333,27.21667,28.18333,22.86667,3504,509,103,46.45766,1416,382,858,706,51
212,686733310,Sceloporus teapensis,17.5137204,-95.2156718,3,1949,25.38333,11.18333,59.48582,222.58125,35.5,16.7,18.8,26.55,25.06667,27.93333,22.41667,2054,485,33,93.27705,1206,103,404,140,106
213,686864002,Sceloporus teapensis,16.9,-89,8,1974,23.35,10.08333,64.63675,176.89235,30.9,15.3,15.6,24.86667,23.01667,25.2,21.03333,2106,309,52,52.30879,821,187,680,368,589
214,686864003,Sceloporus teapensis,16.9840916,-88.966525,9,1974,23.725,10.55,65.52795,176.77026,31.5,15.4,16.1,25.23333,23.31667,25.56667,21.38333,1995,289,48,51.71128,769,176,641,361,480
215,686800660,Sceloporus teapensis,17.5707236,-92.9699517,6,1965,26.225,10.55,60.98265,220.84033,35.2,17.9,17.3,27.18333,27.5,28.5,23.15,3376,498,104,46.02736,1357,375,822,691,38
216,686745182,Sceloporus teapensis,18.36068,-95.120005,7,1955,24.49167,9.25,55.7229,228.90881,33.3,16.7,16.6,25.86667,23.95,26.95,21.31667,1832,313,21,72.86461,861,88,329,206,434
217,686864005,Sceloporus teapensis,16.7476,-88.47431,9,1974,24.99167,8.68333,64.80099,163.78804,31.4,18,13.4,26.21667,24.55,26.58333,22.78333,2174,296,53,51.76956,844,184,663,377,168
218,686864004,Sceloporus teapensis,17.16734,-88.96667,9,1974,25.1375,10.45833,65.36459,174.57904,32.8,16.8,16,26.56667,24.56667,26.88333,22.75,1732,254,40,52.19004,675,147,565,310,118
219,686750315,Sceloporus teapensis,17.1807371,-95.0299994,7,1955,25.6375,9.90833,57.94347,215.4501,34.8,17.7,17.1,26.88333,25.25,27.98333,22.68333,2780,626,42,94.83047,1699,139,467,205,61
220,4169256588,Sceloporus teapensis,18.56,-95.09,8,1975,24.82917,8.925,57.21154,224.65588,32.7,17.1,15.6,25.88333,24,27.15,21.65,2384,438,33,69.84913,1121,131,633,348,229
221,4169247062,Sceloporus teapensis,17.383,-93.683,3,1998,24.85417,10.40833,59.818,217.76196,34.2,16.8,17.4,25.7,26.28333,27.15,21.86667,2979,443,82,48.67647,1209,298,508,593,337
222,4169227460,Sceloporus teapensis,18.59087,-95.08827,7,1983,24.9625,8.84167,56.67736,223.18074,32.8,17.2,15.6,26.03333,24.13333,27.25,21.8,2411,446,34,69.71573,1130,134,639,355,209
223,4169186659,Sceloporus teapensis,17.5471,-92.93171,10,1996,26.03333,10.26667,60.74951,219.94144,34.8,17.9,16.9,26.98333,27.3,28.3,22.96667,3520,517,114,45.02118,1404,404,849,725,59
224,4169202901,Sceloporus teapensis,18.39083,-94.90472,7,1985,22.79167,8.58333,56.84326,212.23738,30.5,15.4,15.1,24.23333,22.13333,24.95,19.8,1920,308,20,69.27573,869,104,603,261,659
225,4169224977,Sceloporus teapensis,17.5275,-94.00257,1,2001,25.90417,10.20833,58.66858,228.8455,35.3,17.9,17.4,26.83333,25.36667,28.25,22.73333,2721,431,60,56.81796,1165,237,497,455,37
226,4169154826,Sceloporus teapensis,18.43972,-94.96139,8,1978,24.95,8.86667,56.11814,226.44485,33,17.2,15.8,25.95,24.2,27.28333,21.75,2225,381,26,67.30563,1004,124,610,340,225
227,4169284304,Sceloporus teapensis,18.579,-95.01072,3,1981,,,,,,,,,,,,,,,,,,,,
228,4169178879,Sceloporus teapensis,18.03622,-93.10508,10,1996,26.3875,10.375,62.5,217.03711,35,18.4,16.6,27.46667,27.5,28.56667,23.33333,1945,324,43,55.98863,846,168,458,376,12
229,4169257090,Sceloporus teapensis,18.61861,-95.06911,1,1977,25.6375,8.80833,56.82795,227.49751,33.4,17.9,15.5,26.78333,24.68333,27.95,22.38333,2473,466,36,71.20715,1177,138,654,358,10
230,4169276198,Sceloporus teapensis,18.48778,-95.10417,4,1999,22.525,9.31667,58.96624,200.65236,30.7,14.9,15.8,23.78333,21.96667,24.65,19.75,2302,387,30,70.61135,1073,131,404,281,825
231,4169125370,Sceloporus teapensis,17.45,-92.76,3,1982,26.09583,10.30833,60.63725,216.26434,34.9,17.9,17,27,27.36667,28.35,23.1,3469,518,122,44.5013,1380,424,842,689,71
232,4169215022,Sceloporus teapensis,18.61667,-95.06278,4,1984,,,,,,,,,,,,,,,,,,,,
233,4169225249,Sceloporus teapensis,18.675278,-95.4375,1,1999,25.725,9.81667,58.08678,231.74731,34.3,17.4,16.9,27.3,24.83333,28.1,22.45,1958,396,24,80.9883,1023,85,590,204,13
234,4169115044,Sceloporus teapensis,18.25111,-94.84028,1,1999,23.30417,9.525,57.72727,218.70963,32,15.5,16.5,24.71667,22.73333,25.61667,20.28333,1736,279,16,72.33149,814,92,574,222,641
235,4169162481,Sceloporus teapensis,18.130833,-94.1425,7,1988,26.04583,9.90833,59.68876,226.69017,34.6,18,16.6,27.15,27.1,28.31667,22.76667,2628,465,46,61.89379,1189,181,591,483,22
236,4169204699,Sceloporus teapensis,18.58513,-95.0752,1,1983,25.0375,8.825,57.3052,222.51785,32.8,17.4,15.4,26.11667,24.18333,27.31667,21.88333,2384,443,34,69.97666,1120,133,640,347,215
237,4169174400,Sceloporus teapensis,18.167,-94.15,1,1998,26.06667,9.3,59.23567,220.49873,34.1,18.4,15.7,27.18333,27.03333,28.26667,22.86667,2612,453,46,61.80516,1186,180,595,473,13
238,4169200413,Sceloporus teapensis,17.48,-91.96,7,1971,26.2625,10.80833,60.38175,213.57483,35.5,17.6,17.9,27.05,25.91667,28.51667,23.36667,2739,435,89,51.01484,1143,293,743,450,87
239,4169198607,Sceloporus teapensis,18.55694,-95.19861,11,1998,19.2625,8.40833,58.79953,177.13792,26.6,12.3,14.3,20.36667,18.83333,21.15,16.83333,2980,502,49,69.43198,1404,194,530,369,1423
240,4169091547,Sceloporus teapensis,18.22583,-94.81944,1,1999,24.74167,9.7,56.72515,232.37737,33.8,16.7,17.1,26.21667,24.16667,27.18333,21.5,1603,267,14,75.34077,774,76,283,192,327
241,4168923863,Sceloporus teapensis,18.60267,-95.06667,11,1975,25.5375,8.84167,57.04301,226.33569,33.3,17.8,15.5,26.68333,24.61667,27.83333,22.3,2473,465,36,70.67284,1171,140,653,365,43
242,4169155190,Sceloporus teapensis,17.76,-92.93,11,1976,26.5,10.68333,62.1124,217.84067,35.5,18.3,17.2,27.5,27.7,28.71667,23.43333,2428,389,61,52.56979,1012,228,609,491,10
243,4169254312,Sceloporus teapensis,17.72555,-96.59397,4,2009,16.97083,10.40833,62.7008,174.49223,25.2,8.6,16.6,17.55,17.33333,19.06667,14.71667,2708,495,37,81.61739,1412,136,548,245,1938
244,4169135643,Sceloporus teapensis,18.11672,-94.31671,3,2004,25.91667,9.2,58.22785,221.80392,34,18.2,15.8,27.01667,24.96667,28.11667,22.68333,2818,460,46,62.41243,1279,191,677,474,50
245,4169273188,Sceloporus teapensis,18.43,-93.16,2,1979,26.56667,9.5,61.68832,210.67351,34.5,19.1,15.4,26.68333,27.56667,28.65,23.56667,1782,341,41,61.25259,821,137,317,403,5
246,4169253741,Sceloporus teapensis,18.12292,-94.36452,10,2002,26.09167,9.21667,58.33333,220.82318,34.2,18.4,15.8,27.16667,25.13333,28.28333,22.86667,2852,478,47,63.48116,1310,192,694,462,34
247,4169271445,Sceloporus teapensis,18.52083,-95.06333,3,1999,25.0375,9.15833,57.59959,224.15622,33.1,17.2,15.9,26.05,24.25,27.36667,21.88333,2293,418,31,70.20727,1077,124,623,323,239
248,4169275599,Sceloporus teapensis,17.383,-93.65,1,1998,24.54167,10.41667,59.8659,216.21571,33.8,16.4,17.4,25.4,25.96667,26.8,21.56667,2980,434,83,47.24652,1188,302,504,615,402
249,2630340365,Sceloporus teapensis,16.854167,-93.411111,8,1895,22.81667,12.25,66.21622,185.02252,32.2,13.7,18.5,23.98333,22.43333,24.76667,20.26667,1151,210,17,77.82128,558,61,307,102,942
250,2630342527,Sceloporus teapensis,16.113611,-92.045833,6,1962,19.84167,12.66667,68.46847,139.23221,29.1,10.6,18.5,20.7,18.66667,21.41667,17.93333,1087,239,9,91.60441,557,37,364,39,1534
251,2630346573,Sceloporus teapensis,16.894444,-91.759722,6,1962,22.96667,11.88333,66.01851,178.04919,32.4,14.4,18,24.03333,22.66667,24.8,20.46667,2003,350,52,66.15198,878,170,510,201,585
252,2630330260,Sceloporus teapensis,17.172222,-92.333333,10,1895,22.21667,11.03333,63.04762,192.21594,31.1,13.6,17.5,23.03333,21.86667,24.2,19.55,2358,392,75,54.72295,994,250,550,328,831
253,2630384182,Sceloporus teapensis,17.443056,-91.969444,7,1977,25.59167,10.63333,60.07533,209.86829,34.7,17,17.7,26.35,25.26667,27.83333,22.76667,2759,434,91,50.38181,1143,300,751,456,220
254,2630343530,Sceloporus teapensis,16.288056,-92.128611,6,1962,19.49583,12.94167,69.57885,144.22926,28.5,9.9,18.6,20.48333,18.25,21.03333,17.48333,1208,240,13,87.85673,595,48,392,50,1569
255,2630390784,Sceloporus teapensis,17.483333,-92.045833,1,1973,25.33333,10.55,59.94318,206.89626,34.4,16.8,17.6,26.11667,24.98333,27.53333,22.55,2805,436,95,49.44335,1159,316,752,477,286
256,2630393552,Sceloporus teapensis,16.722222,-93.091667,8,1962,24.20833,13.03333,66.4966,181.09305,34,14.4,19.6,25.4,22.63333,26.28333,21.75,1058,220,6,99.45657,588,23,330,25,779
257,45071557,Sceloporus teapensis,17.99167,-92.92167,8,1968,26.85833,10.66667,62.7451,216.43634,35.7,18.7,17,27.91667,26.16667,29.05,23.8,2004,328,44,56.14375,875,179,486,375,10
258,2819795369,Sceloporus teapensis,18.08333,-95.03333,6,1960,25.50833,10.4,56.21621,241.57472,35.5,17,18.5,26.8,25.13333,28.23333,22.2,1546,282,18,82.66056,826,68,290,137,164
259,5103584629,Sceloporus teapensis,17.45,-88.558333,1,1995,25.7,9.03333,64.98802,170.20039,32.1,18.2,13.9,27.21667,25.05,27.35,23.36667,1919,284,48,52.14135,751,170,643,326,21
260,2629128100,Sceloporus teapensis,17.365,-93.608002,4,1966,24.44583,10.50833,60.39272,211.58987,33.7,16.3,17.4,25.3,25.83333,26.65,21.51667,2902,425,84,47.19236,1162,303,502,584,447
261,3856344133,Sceloporus teapensis,17.07159,-89.85455,,,25.3,10.36667,63.21138,176.13268,33.5,17.1,16.4,26,25.08333,27.2,22.88333,1713,254,38,55.89443,679,140,414,234,228
262,3856344138,Sceloporus teapensis,17.01625,-89.81874,,,25.6875,10.025,63.05032,172.5757,33.6,17.7,15.9,26.41667,25.43333,27.53333,23.28333,1671,249,36,57.43594,670,133,407,218,125
263,609532940,Sceloporus teapensis,18.4,-95.2,,,25.43333,9.98333,56.40301,239.86108,34.9,17.2,17.7,26.23333,24.91667,28.06667,22.11667,1996,387,27,75.96476,988,93,329,222,232
264,609532927,Sceloporus teapensis,18.37,-94.97,,,23.22917,9.15833,57.59958,214.7986,31.4,15.5,15.9,24.61667,22.61667,25.46667,20.23333,1854,301,18,70.64568,857,96,599,237,606
265,609581407,Sceloporus teapensis,16.75076,-95.46039,,,21.79167,11.95,77.5974,100.44976,29.2,13.8,15.4,22.4,20.91667,22.86667,20.45,861,178,13,79.3734,444,61,218,72,1213
266,609581406,Sceloporus teapensis,16.82373,-94.77954,,,24.82083,9.45833,60.24416,190.19679,33,17.3,15.7,26.01667,24.33333,26.81667,22.18333,1965,371,34,67.54145,907,135,588,279,292
267,609532799,Sceloporus teapensis,18.5,-95.06,,,24.52083,9.10833,57.64768,219.19748,32.6,16.8,15.8,25.5,23.78333,26.8,21.45,2119,372,26,69.37926,976,114,612,293,384
268,1987120559,Sceloporus teapensis,19,-97.03,8,1959,18.30417,12.625,65.7552,208.1243,27.6,8.4,19.2,19.55,16.31667,20.5,15.4,1882,349,39,77.35989,950,134,497,146,1536
269,1987156759,Sceloporus teapensis,18.74,-95.71,12,1955,25.47917,9.14167,58.60043,222.75607,33.3,17.7,15.6,27.11667,24.35,27.76667,22.35,1620,350,20,90.5555,935,63,560,117,4
270,1987216478,Sceloporus teapensis,16.902214,-89.897253,6,1963,25.61667,10.08333,62.6294,172.57848,33.6,17.5,16.1,26.26667,25.51667,27.51667,23.23333,1791,263,38,56.45026,709,150,433,241,175
271,1893581898,Sceloporus teapensis,16.878889,-93.456111,9,1994,22.4,11.88333,66.38734,182.15875,31.4,13.5,17.9,23.58333,21.96667,24.28333,19.86667,1170,209,19,74.67216,559,68,303,115,995
272,1893581864,Sceloporus teapensis,17.586667,-93.181944,6,1969,25.60833,10.75,60.73446,223.05556,35,17.3,17.7,26.55,26.98333,27.9,22.51667,3450,498,95,46.94593,1399,365,600,705,168
273,1893581869,Sceloporus teapensis,18.363611,-94.805556,3,1985,23.0375,8.55833,56.67771,211.55403,30.8,15.7,15.1,24.48333,24.21667,25.21667,20.06667,1864,293,18,67.39629,825,107,572,279,606
274,1893582012,Sceloporus teapensis,15.802222,-93.068889,5,1994,20.54167,12.26667,75.25562,112.42842,28,11.7,16.3,21.26667,18.96667,21.7,18.96667,1922,414,4,101.79888,1102,20,535,20,1438
275,1893581900,Sceloporus teapensis,15.815833,-93.070556,7,1995,19.78333,12.21667,76.35416,107.60479,27.1,11.1,16,20.5,18.26667,20.86667,18.26667,1793,384,4,99.8814,1002,24,511,24,1601
276,1893581862,Sceloporus teapensis,18.464167,-94.976944,9,1982,25.31667,9.06667,57.02306,225.99612,33.4,17.5,15.9,26.36667,24.5,27.63334,22.11667,2361,416,31,67.99834,1080,133,634,361,151
277,894767640,Sceloporus teapensis,18.43,-95.169998,6,1968,25.28333,10.1,57.06215,237.02063,34.6,16.9,17.7,26.13333,24.76667,27.83333,21.98333,2103,403,31,74.58041,1029,105,338,245,241
278,894767336,Sceloporus teapensis,18.016701,-93.25,3,1968,26.35,10.3,62.04819,219.67953,35,18.4,16.6,27.45,27.5,28.55,23.26667,1979,348,42,58.07939,868,169,478,364,18
279,894767010,Sceloporus teapensis,18.0667,-94.933296,3,1968,25.65,10.46667,56.88406,245.11592,35.5,17.1,18.4,27.03333,25.21667,28.36667,22.26667,1628,303,19,82.96373,872,75,299,144,133
280,894766931,Sceloporus teapensis,19.1833,-96.349998,3,1968,25.17917,13.09167,65.13267,224.05823,34.9,14.8,20.1,27.03333,22.75,27.46667,22.01667,1058,249,10,105.35854,655,38,483,39,41
281,4168477152,Sceloporus teapensis,17.054167,-94.653889,3,1995,24.7125,9.34167,58.75263,208.5461,33.1,17.2,15.9,26.11667,24.13333,26.86667,21.81667,2830,480,51,66.34202,1331,204,837,393,219
282,4168476853,Sceloporus teapensis,17.049167,-94.6625,8,1995,24.625,9.51667,59.85325,202.75938,33,17.1,15.9,26,24.05,26.71667,21.81667,2709,460,49,65.95008,1272,201,803,382,272
283,48137946,Sceloporus teapensis,17.218199,-93.366667,,,24.4875,11.09167,61.27992,208.43709,34,15.9,18.1,25.28333,25.88333,26.71667,21.63333,2657,399,86,46.24155,1055,303,492,523,417
284,48137947,Sceloporus teapensis,16.847943,-93.366667,,,22.7125,12.14167,66.34791,184.83563,32,13.7,18.3,23.86667,22.35,24.66667,20.15,1151,212,16,79.2374,562,58,311,98,941
285,2629266969,Sceloporus teapensis,15.809167,-93.066667,3,2000,19.78333,12.21667,76.35416,107.60479,27.1,11.1,16,20.5,18.26667,20.86667,18.26667,1793,384,4,99.8814,1002,24,511,24,1601
286,2629269224,Sceloporus teapensis,15.537778,-92.809444,7,2004,23.35,12.08333,76.96391,84.77244,30.9,15.2,15.7,23.65,22.2,24.38333,22.2,2610,537,2,100.24327,1488,15,720,15,983
287,2629270154,Sceloporus teapensis,15.548333,-92.809444,7,2004,22.94583,12.05833,77.29701,83.24274,30.4,14.8,15.6,23.28333,21.8,23.93333,21.8,2590,536,2,100.15032,1474,16,709,16,1075
288,2629269636,Sceloporus teapensis,15.800833,-93.066111,5,1999,20.5625,12.275,74.39394,119.56597,28.1,11.6,16.5,21.31667,18.88333,21.8,18.88333,1950,420,3,101.96739,1121,19,539,19,1404
289,2629270887,Sceloporus teapensis,15.802778,-93.036944,7,1998,20.84167,12.26667,72.58382,135.86147,28.6,11.7,16.9,21.68333,18.95,22.25,18.95,2051,439,5,101.68193,1186,23,553,23,1289
290,2629266414,Sceloporus teapensis,17.468333,-91.516389,11,2014,26.7875,10.925,62.07387,204.71849,36.1,18.5,17.6,27.58333,26.41667,28.96667,23.96667,2158,362,62,54.49273,901,212,490,324,19
291,2629269309,Sceloporus teapensis,17.159167,-92.899167,10,1993,17.79167,12.15,67.12707,170.35835,26.5,8.4,18.1,18.86667,16.13333,19.55,15.41667,1416,262,27,78.97453,695,84,397,97,1719
292,2629266861,Sceloporus teapensis,15.797778,-93.062778,3,1999,20.7,12.3,75,117.39601,28.2,11.8,16.4,21.45,19.05,21.9,19.05,1964,424,3,102.79897,1139,17,544,17,1380
293,2629268451,Sceloporus teapensis,15.804167,-93.001111,5,1999,22.77917,12.44167,69.50652,148.57596,31.2,13.3,17.9,23.51667,21.5,24.41667,20.73333,2216,464,5,101.79166,1301,21,584,24,953
294,2629266619,Sceloporus teapensis,17.387778,-91.479861,4,2015,26.2375,10.85833,62.40421,202.36246,35.4,18,17.4,27.05,25.83333,28.36667,23.43333,2266,378,64,55.22556,945,217,513,331,111
295,2629270366,Sceloporus teapensis,17.087778,-93.759444,8,1993,24.97083,10.525,59.80114,215.26366,34.2,16.6,17.6,25.78333,24.5,27.28333,21.98333,2219,361,54,54.23285,927,207,441,359,347
296,2629267568,Sceloporus teapensis,15.538889,-92.808889,7,2004,23.35,12.08333,76.96391,84.77244,30.9,15.2,15.7,23.65,22.2,24.38333,22.2,2610,537,2,100.24327,1488,15,720,15,983
297,2629268410,Sceloporus teapensis,15.534722,-92.792222,11,2000,24.35833,12.1,75.15528,98.94521,32,15.9,16.1,24.73333,23,25.51667,23,2525,523,2,99.90556,1435,13,729,13,637
298,1893322577,Sceloporus teapensis,18.59,-95.09,,,24.9625,8.84167,56.67736,223.18074,32.8,17.2,15.6,26.03333,24.13333,27.25,21.8,2411,446,34,69.71573,1130,134,639,355,209
299,3053234406,Sceloporus teapensis,15.4078,-88.8617,,1995,26.34167,9.51667,68.46522,162.17041,33.4,19.5,13.9,27.51667,26.03333,27.88333,24.11667,2190,316,58,50.94844,884,199,460,360,51
300,3053234444,Sceloporus teapensis,14.5575,-90.4611,,1995,16.6625,10.125,74.44852,86.26399,23.6,10,13.6,17.13333,16.1,17.58333,15.5,1354,284,8,93.25172,711,25,460,58,1856
301,3053233317,Sceloporus teapensis,17.4794,-89.9694,7,1989,25.29167,11.51667,66.18774,186.7282,34,16.6,17.4,26.1,24.93333,27.23333,22.71667,1562,254,35,58.5411,653,121,386,200,269
302,3053233348,Sceloporus teapensis,16.3278,-89.4222,6,1989,23.35417,9.85833,67.9885,150.40036,30.5,16,14.5,24.53333,23.2,24.93333,21.31667,3265,605,75,63.07156,1510,274,683,453,513
303,3053233360,Sceloporus teapensis,17.0667,-89.4,7,1989,24.69167,10.35,64.6875,173.29471,32.5,16.5,16,26.08333,24.26667,26.48333,22.33333,1817,262,41,54.35166,727,151,401,279,263
304,3344504461,Sceloporus teapensis,15.1014,-90.3186,9,1996,22.97083,10.90833,68.17709,126.49934,30.8,14.8,16,23.5,22.03333,24.45,21.31667,2316,392,52,68.68008,1035,173,623,278,948
305,3344504676,Sceloporus teapensis,17.0592,-89.43,6,1992,25.0875,10.30833,64.42708,174.24025,32.9,16.9,16,26.46667,24.68333,26.88333,22.7,1786,257,40,55.48716,721,144,400,264,172
306,3344504685,Sceloporus teapensis,17.0694,-89.4,6,1992,24.69167,10.35,64.6875,173.29471,32.5,16.5,16,26.08333,24.26667,26.48333,22.33333,1817,262,41,54.35166,727,151,401,279,263
307,3053234734,Sceloporus teapensis,15.085,-89.6675,11,1993,17.24167,8.15,68.4874,114.53132,23.5,11.6,11.9,17.95,16.35,18.48333,15.71667,1869,309,48,67.37921,852,151,535,169,1737
308,3053233320,Sceloporus teapensis,15.6942,-89.3341,11,1990,23.15,8.75,68.35937,139.96756,29.7,16.9,12.8,24.26667,23,24.56667,21.23333,3177,591,79,64.99323,1491,263,712,399,643
309,3344506682,Sceloporus teapensis,14.9436,-89.9686,7,1984,26.69167,10.41667,70.38288,113.47475,34.4,19.6,14.8,26.95,26.16667,28.08333,25.23333,925,198,4,92.86089,472,18,120,50,324
310,3053233735,Sceloporus teapensis,16.8422,-90.075,7,1989,25.60417,10.34167,63.44581,175.99664,33.8,17.5,16.3,26.51667,25.51667,27.55,23.16667,2112,315,48,56.61518,849,173,494,286,204
311,3053233785,Sceloporus teapensis,16.9153,-89.8186,7,1989,25.65833,9.88333,62.55274,172.03108,33.5,17.7,15.8,26.6,25.48333,27.51667,23.26667,1746,257,36,57.12584,697,144,421,230,126
312,3344505248,Sceloporus teapensis,15.8014,-91.7542,9,1998,23.61667,12.75,67.81915,150.02019,33.2,14.4,18.8,24.06667,22.55,25.43333,21.68333,1970,379,20,87.21823,973,70,546,89,840
313,3344505614,Sceloporus teapensis,14.9431,-90.3639,11,2000,22.82083,9.775,69.32624,114.26559,29.8,15.7,14.1,23.33333,21.98333,24.11667,21.31667,1773,336,23,81.76903,847,77,537,137,932
314,3344505657,Sceloporus teapensis,14.9139,-90.0778,9,1992,26.74583,10.275,69.89795,112.21851,34.4,19.7,14.7,26.98333,26.23333,28.11667,25.3,999,217,5,92.2922,501,20,135,53,307
315,3344507145,Sceloporus teapensis,15.4686,-90.3758,9,1992,19.25833,12.18333,73.39357,125.04241,27.7,11.1,16.6,19.9,19.13333,20.51667,17.51667,2426,319,97,46.15583,885,295,587,338,1320
316,3344506159,Sceloporus teapensis,15.3372,-90.2756,6,1994,12.96667,10.28333,69.48199,125.17867,20.3,5.5,14.8,13.83333,12.93333,14.25,11.21667,1815,284,51,55.57197,755,171,506,230,2476
317,4052627587,Sceloporus teapensis,15.346649,-89.296184,9,2022,26.90833,8.86667,69.81627,143.69846,33.5,20.8,12.7,27.86666,26.78333,28.31667,24.91667,2242,395,55,64.92137,1047,182,508,256,33
